id,fold,y_true,y_pred,correct
5,1,0,0,1
9,1,0,0,1
23,1,0,1,0
25,1,1,1,1
35,1,1,1,1
38,1,1,1,1
45,1,0,0,1
47,1,0,0,1
52,1,0,1,0
67,1,1,1,1
76,1,0,0,1
86,1,1,0,0
97,1,1,1,1
109,1,0,0,1
111,1,0,0,1
121,1,1,1,1
157,1,0,1,0
158,1,0,0,1
168,1,1,1,1
186,1,0,1,0
187,1,1,1,1
191,1,1,1,1
192,1,1,0,0
203,1,1,1,1
212,1,0,1,0
214,1,0,1,0
215,1,1,0,0
224,1,1,0,0
231,1,1,1,1
235,1,0,1,0
238,1,0,0,1
239,1,1,1,1
259,1,1,0,0
262,1,1,1,1
273,1,0,0,1
293,1,1,1,1
330,1,0,0,1
336,1,1,1,1
339,1,1,1,1
342,1,1,0,0
346,1,1,0,0
382,1,1,1,1
386,1,1,1,1
389,1,0,0,1
412,1,0,1,0
419,1,0,0,1
473,1,0,0,1
480,1,1,1,1
481,1,1,1,1
486,1,1,1,1
498,1,1,1,1
532,1,1,1,1
533,1,1,1,1
534,1,0,0,1
537,1,1,1,1
548,1,0,0,1
549,1,1,0,0
551,1,1,0,0
556,1,0,0,1
558,1,1,0,0
573,1,1,1,1
578,1,1,1,1
594,1,0,0,1
607,1,1,1,1
613,1,1,0,0
637,1,0,0,1
638,1,0,1,0
639,1,0,1,0
644,1,0,0,1
660,1,1,0,0
671,1,0,0,1
697,1,0,1,0
705,1,0,1,0
708,1,1,1,1
721,1,0,0,1
722,1,0,1,0
726,1,1,0,0
728,1,0,0,1
747,1,1,0,0
751,1,0,1,0
772,1,0,0,1
786,1,1,1,1
790,1,0,1,0
795,1,1,1,1
815,1,0,0,1
825,1,1,1,1
840,1,0,0,1
843,1,0,0,1
849,1,1,0,0
856,1,0,0,1
858,1,1,0,0
865,1,0,0,1
890,1,1,0,0
897,1,1,0,0
905,1,0,1,0
910,1,1,1,1
935,1,0,1,0
936,1,0,0,1
938,1,1,0,0
939,1,0,0,1
948,1,0,1,0
971,1,1,0,0
985,1,0,0,1
988,1,0,1,0
994,1,0,0,1
999,1,1,1,1
1002,1,1,1,1
1022,1,1,0,0
1065,1,0,0,1
1075,1,1,1,1
1083,1,1,0,0
1092,1,1,0,0
1096,1,1,0,0
1115,1,1,1,1
1123,1,1,0,0
1125,1,1,1,1
1148,1,1,1,1
1158,1,1,1,1
1173,1,1,1,1
1198,1,0,1,0
1201,1,1,0,0
1203,1,0,1,0
1213,1,1,1,1
1217,1,1,1,1
1228,1,0,1,0
1234,1,0,0,1
1246,1,0,0,1
1248,1,1,1,1
1268,1,1,1,1
1270,1,0,0,1
1278,1,0,0,1
1283,1,1,1,1
1305,1,1,1,1
1323,1,0,1,0
1343,1,1,0,0
1354,1,1,1,1
1356,1,1,0,0
1371,1,0,0,1
1381,1,1,1,1
1387,1,0,0,1
1388,1,0,0,1
1389,1,0,0,1
1393,1,1,0,0
1416,1,0,1,0
1440,1,1,1,1
1449,1,0,1,0
1460,1,1,1,1
1465,1,0,1,0
1472,1,1,0,0
1474,1,1,1,1
1509,1,0,0,1
1522,1,0,1,0
1532,1,0,1,0
1551,1,0,0,1
1553,1,0,1,0
1569,1,0,1,0
1581,1,0,0,1
1590,1,0,0,1
1600,1,0,1,0
1624,1,0,1,0
1627,1,0,0,1
1643,1,0,1,0
1692,1,0,0,1
1693,1,0,0,1
1707,1,1,1,1
1708,1,0,1,0
1715,1,1,0,0
1724,1,0,0,1
1736,1,1,1,1
1753,1,0,0,1
1780,1,1,1,1
1789,1,0,1,0
1795,1,1,1,1
1812,1,1,1,1
1813,1,1,1,1
1820,1,0,0,1
1821,1,0,0,1
1828,1,1,1,1
1853,1,1,0,0
1870,1,1,1,1
1874,1,1,1,1
1876,1,1,0,0
1888,1,0,0,1
1891,1,1,1,1
1895,1,0,1,0
1908,1,0,0,1
1926,1,0,0,1
1941,1,1,1,1
1956,1,1,1,1
1958,1,1,0,0
1972,1,0,0,1
1981,1,1,1,1
1993,1,0,0,1
1995,1,1,0,0
2008,1,1,0,0
2024,1,0,0,1
2041,1,0,0,1
2053,1,1,1,1
2063,1,0,1,0
2064,1,0,0,1
2066,1,1,0,0
2077,1,0,1,0
2084,1,1,1,1
1,2,1,0,0
48,2,1,0,0
53,2,1,1,1
55,2,1,1,1
62,2,0,1,0
66,2,0,0,1
68,2,1,0,0
75,2,0,0,1
82,2,0,0,1
101,2,1,1,1
129,2,0,0,1
134,2,1,0,0
139,2,0,0,1
142,2,1,1,1
154,2,0,1,0
178,2,0,1,0
181,2,1,1,1
198,2,0,0,1
207,2,1,1,1
236,2,1,1,1
241,2,1,0,0
256,2,0,0,1
278,2,0,0,1
279,2,0,0,1
289,2,0,1,0
303,2,0,0,1
313,2,1,1,1
321,2,0,0,1
333,2,1,1,1
337,2,1,1,1
368,2,0,1,0
369,2,0,1,0
374,2,0,0,1
417,2,1,1,1
418,2,0,1,0
434,2,0,0,1
445,2,1,0,0
452,2,0,1,0
470,2,1,0,0
474,2,0,1,0
477,2,1,1,1
504,2,0,1,0
512,2,0,1,0
529,2,0,1,0
539,2,1,0,0
550,2,0,0,1
577,2,1,1,1
598,2,1,0,0
610,2,1,0,0
643,2,1,0,0
652,2,0,0,1
664,2,1,1,1
680,2,0,1,0
698,2,1,1,1
709,2,0,0,1
711,2,1,1,1
732,2,1,1,1
765,2,0,0,1
766,2,0,0,1
769,2,0,0,1
771,2,1,0,0
775,2,0,0,1
776,2,1,1,1
788,2,1,1,1
798,2,1,0,0
806,2,1,1,1
816,2,1,0,0
818,2,0,0,1
823,2,1,0,0
827,2,1,1,1
841,2,1,0,0
845,2,1,1,1
847,2,0,1,0
848,2,1,1,1
857,2,0,0,1
869,2,1,0,0
879,2,1,0,0
881,2,0,0,1
886,2,1,1,1
888,2,0,0,1
891,2,0,0,1
893,2,1,1,1
921,2,0,0,1
972,2,0,0,1
1020,2,0,1,0
1023,2,1,0,0
1040,2,0,1,0
1054,2,1,0,0
1063,2,0,0,1
1080,2,1,0,0
1098,2,1,0,0
1122,2,1,0,0
1132,2,0,1,0
1137,2,1,0,0
1153,2,0,1,0
1155,2,0,0,1
1160,2,0,0,1
1161,2,0,0,1
1172,2,1,1,1
1176,2,1,1,1
1188,2,1,1,1
1193,2,1,1,1
1194,2,1,0,0
1216,2,1,1,1
1240,2,1,0,0
1244,2,1,0,0
1253,2,1,1,1
1254,2,0,1,0
1258,2,0,0,1
1259,2,0,1,0
1265,2,0,0,1
1284,2,1,1,1
1287,2,0,1,0
1293,2,1,1,1
1306,2,1,1,1
1318,2,1,1,1
1319,2,1,1,1
1326,2,0,0,1
1330,2,1,1,1
1333,2,0,0,1
1348,2,1,0,0
1351,2,1,1,1
1357,2,1,1,1
1365,2,0,0,1
1386,2,0,0,1
1401,2,0,1,0
1408,2,0,1,0
1411,2,1,0,0
1425,2,1,1,1
1428,2,1,1,1
1431,2,1,0,0
1436,2,1,1,1
1446,2,0,0,1
1448,2,0,1,0
1452,2,0,0,1
1459,2,1,0,0
1461,2,1,1,1
1466,2,1,1,1
1483,2,0,1,0
1496,2,1,1,1
1506,2,1,1,1
1507,2,1,0,0
1521,2,0,1,0
1524,2,1,1,1
1525,2,0,0,1
1527,2,1,0,0
1531,2,1,0,0
1536,2,1,1,1
1540,2,0,1,0
1545,2,0,0,1
1550,2,1,0,0
1552,2,1,1,1
1555,2,1,0,0
1573,2,1,1,1
1585,2,0,1,0
1596,2,0,0,1
1610,2,0,1,0
1611,2,0,1,0
1616,2,0,0,1
1617,2,0,0,1
1625,2,1,1,1
1630,2,0,1,0
1684,2,0,1,0
1699,2,0,0,1
1713,2,1,0,0
1717,2,0,0,1
1719,2,0,1,0
1722,2,0,1,0
1723,2,1,1,1
1763,2,0,1,0
1764,2,1,0,0
1773,2,0,0,1
1798,2,0,0,1
1824,2,1,1,1
1826,2,1,1,1
1829,2,0,0,1
1831,2,0,1,0
1837,2,0,0,1
1851,2,1,1,1
1858,2,1,0,0
1862,2,0,1,0
1875,2,1,1,1
1878,2,0,1,0
1882,2,1,1,1
1910,2,0,0,1
1918,2,1,0,0
1922,2,1,1,1
1935,2,1,1,1
1949,2,0,1,0
1952,2,0,0,1
1957,2,1,0,0
1968,2,0,1,0
1978,2,0,1,0
2002,2,0,0,1
2005,2,1,1,1
2021,2,0,0,1
2027,2,0,0,1
2030,2,1,1,1
2037,2,0,1,0
2039,2,0,0,1
2070,2,0,1,0
2081,2,1,1,1
2089,2,1,1,1
8,3,1,0,0
10,3,1,1,1
12,3,0,1,0
17,3,1,0,0
19,3,1,1,1
26,3,0,0,1
44,3,1,1,1
59,3,1,0,0
70,3,1,1,1
77,3,1,0,0
79,3,1,1,1
93,3,0,0,1
103,3,0,0,1
105,3,1,0,0
114,3,0,0,1
116,3,0,1,0
135,3,1,1,1
136,3,0,0,1
145,3,0,1,0
152,3,0,0,1
171,3,1,0,0
175,3,1,0,0
202,3,0,0,1
208,3,1,1,1
234,3,1,1,1
242,3,1,0,0
245,3,1,1,1
246,3,0,0,1
253,3,0,1,0
254,3,1,0,0
255,3,1,0,0
260,3,0,0,1
272,3,1,0,0
282,3,1,1,1
285,3,1,1,1
296,3,1,0,0
310,3,0,0,1
316,3,0,1,0
319,3,0,0,1
322,3,1,1,1
350,3,1,1,1
358,3,1,0,0
363,3,0,1,0
403,3,0,0,1
406,3,0,1,0
414,3,0,1,0
429,3,0,0,1
431,3,1,1,1
432,3,1,1,1
433,3,1,1,1
450,3,0,0,1
454,3,1,1,1
460,3,1,0,0
462,3,1,1,1
469,3,0,1,0
487,3,0,1,0
501,3,1,0,0
506,3,1,1,1
508,3,0,1,0
511,3,1,1,1
524,3,1,1,1
530,3,0,0,1
538,3,1,1,1
545,3,0,1,0
565,3,0,0,1
566,3,0,1,0
583,3,1,1,1
585,3,0,0,1
587,3,1,1,1
600,3,1,1,1
603,3,0,0,1
621,3,0,0,1
622,3,0,0,1
627,3,1,1,1
630,3,1,1,1
634,3,1,1,1
654,3,0,0,1
663,3,0,1,0
681,3,0,1,0
682,3,0,0,1
699,3,1,0,0
706,3,1,0,0
713,3,1,1,1
716,3,0,1,0
731,3,0,0,1
733,3,0,0,1
739,3,1,1,1
752,3,0,1,0
792,3,1,1,1
797,3,1,1,1
800,3,1,0,0
824,3,0,1,0
836,3,0,1,0
867,3,1,0,0
874,3,1,1,1
875,3,1,0,0
876,3,1,0,0
894,3,0,0,1
915,3,0,1,0
949,3,0,1,0
952,3,0,0,1
953,3,0,0,1
957,3,1,0,0
979,3,0,1,0
987,3,0,1,0
989,3,0,0,1
1005,3,1,1,1
1007,3,1,1,1
1015,3,1,1,1
1035,3,1,1,1
1049,3,0,0,1
1082,3,0,1,0
1091,3,0,1,0
1095,3,0,0,1
1111,3,1,1,1
1114,3,0,0,1
1119,3,0,0,1
1121,3,1,1,1
1164,3,1,0,0
1165,3,0,1,0
1177,3,0,1,0
1178,3,1,1,1
1180,3,1,1,1
1196,3,0,1,0
1210,3,1,1,1
1220,3,0,0,1
1225,3,1,0,0
1230,3,1,1,1
1249,3,0,1,0
1272,3,0,0,1
1285,3,1,1,1
1299,3,1,0,0
1311,3,1,0,0
1325,3,0,0,1
1335,3,1,1,1
1363,3,0,0,1
1370,3,0,0,1
1375,3,1,1,1
1380,3,1,1,1
1392,3,1,1,1
1418,3,0,0,1
1419,3,0,0,1
1423,3,0,1,0
1430,3,0,1,0
1433,3,0,1,0
1438,3,1,1,1
1444,3,0,1,0
1455,3,0,0,1
1467,3,0,0,1
1468,3,0,1,0
1479,3,1,0,0
1480,3,1,1,1
1490,3,1,1,1
1492,3,1,0,0
1538,3,1,1,1
1543,3,1,0,0
1548,3,0,1,0
1561,3,1,1,1
1567,3,0,1,0
1568,3,0,1,0
1591,3,1,0,0
1601,3,0,0,1
1606,3,0,1,0
1615,3,1,0,0
1628,3,1,1,1
1632,3,0,1,0
1644,3,1,1,1
1651,3,0,0,1
1659,3,1,0,0
1666,3,1,1,1
1670,3,1,0,0
1709,3,1,1,1
1710,3,0,1,0
1741,3,1,1,1
1757,3,0,0,1
1767,3,0,1,0
1779,3,1,1,1
1815,3,0,0,1
1834,3,1,0,0
1840,3,1,1,1
1857,3,0,1,0
1863,3,0,1,0
1887,3,1,0,0
1897,3,0,0,1
1901,3,1,1,1
1903,3,0,0,1
1905,3,1,1,1
1914,3,1,1,1
1917,3,1,0,0
1931,3,0,0,1
1942,3,0,1,0
1944,3,0,1,0
1969,3,0,0,1
1986,3,0,0,1
1988,3,0,1,0
1994,3,1,0,0
2004,3,1,1,1
2017,3,1,1,1
2036,3,0,1,0
2051,3,0,1,0
2061,3,0,0,1
2065,3,1,1,1
2072,3,1,1,1
29,4,0,0,1
40,4,0,0,1
60,4,1,1,1
65,4,0,0,1
78,4,0,1,0
83,4,0,1,0
92,4,0,0,1
99,4,0,1,0
107,4,1,0,0
146,4,0,1,0
160,4,0,0,1
176,4,0,0,1
180,4,0,1,0
201,4,0,0,1
220,4,0,0,1
221,4,1,1,1
223,4,0,0,1
232,4,1,0,0
251,4,1,1,1
270,4,1,1,1
271,4,0,0,1
300,4,0,0,1
311,4,1,0,0
312,4,1,0,0
317,4,0,0,1
323,4,1,0,0
329,4,1,1,1
335,4,0,0,1
338,4,1,0,0
340,4,0,0,1
352,4,1,1,1
353,4,1,1,1
354,4,1,1,1
356,4,0,0,1
364,4,1,1,1
375,4,0,1,0
378,4,0,0,1
379,4,1,1,1
383,4,1,0,0
388,4,1,1,1
400,4,1,1,1
407,4,1,1,1
411,4,1,0,0
423,4,1,0,0
424,4,0,1,0
435,4,0,1,0
440,4,0,1,0
443,4,1,0,0
446,4,1,0,0
447,4,0,1,0
464,4,0,1,0
465,4,0,0,1
475,4,1,1,1
493,4,1,0,0
494,4,1,1,1
499,4,1,1,1
503,4,1,1,1
513,4,0,0,1
543,4,1,1,1
553,4,0,0,1
554,4,1,0,0
561,4,0,0,1
570,4,0,1,0
572,4,1,1,1
592,4,1,0,0
601,4,1,0,0
614,4,0,1,0
628,4,1,0,0
629,4,0,0,1
632,4,1,1,1
655,4,1,1,1
662,4,0,0,1
665,4,0,1,0
668,4,1,1,1
678,4,1,1,1
679,4,0,0,1
707,4,0,0,1
710,4,0,1,0
717,4,1,1,1
723,4,1,1,1
749,4,1,0,0
750,4,1,0,0
755,4,0,1,0
770,4,0,1,0
778,4,0,1,0
789,4,0,1,0
791,4,1,1,1
796,4,0,0,1
805,4,1,1,1
810,4,0,0,1
811,4,0,1,0
814,4,0,1,0
828,4,0,1,0
839,4,0,0,1
862,4,0,1,0
871,4,0,0,1
889,4,0,1,0
902,4,0,1,0
906,4,0,1,0
927,4,1,1,1
928,4,0,1,0
941,4,1,0,0
965,4,1,0,0
978,4,0,0,1
980,4,0,0,1
993,4,0,0,1
998,4,1,0,0
1001,4,0,1,0
1008,4,1,1,1
1009,4,1,1,1
1024,4,0,0,1
1031,4,1,0,0
1059,4,0,1,0
1067,4,1,1,1
1068,4,0,1,0
1071,4,0,1,0
1073,4,1,1,1
1074,4,1,1,1
1084,4,0,0,1
1093,4,1,1,1
1112,4,1,1,1
1118,4,1,1,1
1126,4,1,0,0
1130,4,1,1,1
1133,4,0,1,0
1170,4,0,1,0
1187,4,0,0,1
1207,4,1,1,1
1214,4,1,0,0
1222,4,0,1,0
1231,4,0,1,0
1237,4,1,1,1
1250,4,1,1,1
1261,4,1,1,1
1263,4,1,1,1
1276,4,1,0,0
1294,4,0,1,0
1309,4,1,1,1
1313,4,0,0,1
1324,4,0,0,1
1342,4,1,1,1
1391,4,1,1,1
1399,4,1,1,1
1426,4,0,1,0
1457,4,0,1,0
1463,4,1,1,1
1495,4,1,0,0
1517,4,1,0,0
1519,4,0,1,0
1523,4,1,1,1
1528,4,0,0,1
1547,4,1,1,1
1563,4,1,0,0
1572,4,0,0,1
1575,4,1,1,1
1582,4,0,0,1
1593,4,0,0,1
1609,4,1,0,0
1637,4,0,1,0
1638,4,1,1,1
1645,4,0,0,1
1650,4,1,1,1
1653,4,1,0,0
1656,4,1,1,1
1664,4,0,1,0
1667,4,1,1,1
1668,4,1,1,1
1671,4,0,0,1
1676,4,1,0,0
1682,4,0,1,0
1688,4,0,0,1
1739,4,0,1,0
1749,4,0,1,0
1765,4,0,0,1
1768,4,1,1,1
1772,4,1,1,1
1774,4,0,0,1
1781,4,0,1,0
1810,4,1,1,1
1822,4,0,0,1
1838,4,1,1,1
1841,4,0,1,0
1847,4,1,0,0
1864,4,0,0,1
1865,4,0,1,0
1868,4,0,0,1
1869,4,0,0,1
1881,4,1,1,1
1894,4,1,0,0
1921,4,0,0,1
1925,4,1,1,1
1940,4,1,1,1
1979,4,1,1,1
1982,4,1,0,0
1989,4,1,0,0
1997,4,1,1,1
2001,4,1,1,1
2003,4,0,1,0
2067,4,1,1,1
2076,4,1,0,0
2079,4,1,0,0
2085,4,0,0,1
2087,4,1,1,1
3,5,0,1,0
13,5,0,0,1
15,5,1,1,1
39,5,1,1,1
43,5,0,1,0
54,5,0,0,1
90,5,0,0,1
115,5,0,0,1
119,5,1,1,1
122,5,0,0,1
123,5,0,0,1
132,5,0,1,0
138,5,0,0,1
167,5,1,0,0
169,5,0,1,0
177,5,1,1,1
190,5,1,1,1
206,5,1,1,1
213,5,0,1,0
233,5,1,0,0
237,5,0,0,1
261,5,1,1,1
267,5,1,1,1
276,5,1,1,1
291,5,1,1,1
294,5,1,1,1
299,5,1,0,0
301,5,0,0,1
306,5,0,1,0
308,5,0,1,0
347,5,1,0,0
357,5,1,1,1
359,5,0,0,1
361,5,0,0,1
366,5,1,1,1
390,5,1,1,1
396,5,0,0,1
409,5,1,1,1
410,5,0,1,0
415,5,1,0,0
416,5,1,0,0
436,5,1,0,0
438,5,1,0,0
442,5,1,1,1
448,5,0,0,1
478,5,1,1,1
496,5,1,1,1
505,5,0,1,0
516,5,1,0,0
525,5,0,1,0
531,5,1,0,0
536,5,0,0,1
552,5,0,1,0
564,5,0,0,1
569,5,1,0,0
576,5,1,1,1
586,5,0,0,1
589,5,0,0,1
591,5,1,1,1
593,5,1,0,0
604,5,0,1,0
606,5,1,0,0
624,5,0,0,1
625,5,0,0,1
647,5,0,0,1
650,5,0,0,1
651,5,0,1,0
667,5,1,1,1
674,5,1,1,1
700,5,0,0,1
715,5,1,0,0
725,5,0,0,1
740,5,1,0,0
743,5,0,1,0
764,5,1,1,1
768,5,0,0,1
777,5,1,0,0
780,5,1,0,0
783,5,0,1,0
801,5,1,1,1
817,5,0,1,0
820,5,1,0,0
821,5,0,1,0
830,5,1,1,1
859,5,0,0,1
863,5,0,0,1
878,5,0,0,1
885,5,1,0,0
900,5,1,1,1
904,5,0,0,1
908,5,1,1,1
913,5,1,1,1
925,5,0,1,0
930,5,0,0,1
962,5,0,1,0
964,5,1,0,0
996,5,1,0,0
1004,5,1,0,0
1013,5,0,0,1
1027,5,0,0,1
1029,5,0,0,1
1032,5,0,0,1
1042,5,1,1,1
1044,5,1,1,1
1045,5,0,1,0
1048,5,1,0,0
1050,5,0,1,0
1066,5,1,1,1
1077,5,1,0,0
1081,5,1,0,0
1089,5,0,0,1
1099,5,1,0,0
1104,5,1,0,0
1113,5,0,0,1
1131,5,0,0,1
1134,5,1,1,1
1140,5,0,0,1
1142,5,0,0,1
1145,5,0,1,0
1166,5,0,1,0
1171,5,1,0,0
1175,5,1,1,1
1183,5,1,1,1
1190,5,1,0,0
1197,5,1,1,1
1209,5,0,0,1
1218,5,0,1,0
1226,5,0,0,1
1227,5,1,1,1
1255,5,1,0,0
1281,5,0,1,0
1291,5,0,1,0
1301,5,0,1,0
1317,5,0,0,1
1341,5,1,1,1
1355,5,1,1,1
1360,5,0,1,0
1362,5,0,1,0
1366,5,1,1,1
1373,5,1,1,1
1385,5,1,1,1
1400,5,1,1,1
1412,5,0,0,1
1417,5,0,1,0
1420,5,1,1,1
1441,5,1,1,1
1445,5,1,1,1
1475,5,1,1,1
1485,5,0,0,1
1503,5,1,1,1
1518,5,1,0,0
1542,5,0,1,0
1544,5,0,0,1
1558,5,1,1,1
1576,5,0,1,0
1597,5,0,1,0
1614,5,1,1,1
1621,5,1,1,1
1623,5,1,0,0
1629,5,0,0,1
1633,5,0,0,1
1634,5,0,0,1
1649,5,0,0,1
1674,5,1,0,0
1679,5,1,1,1
1681,5,0,0,1
1696,5,0,0,1
1740,5,0,1,0
1742,5,0,0,1
1750,5,1,1,1
1766,5,0,0,1
1777,5,0,0,1
1803,5,0,0,1
1808,5,0,0,1
1811,5,1,1,1
1818,5,0,1,0
1835,5,1,1,1
1842,5,0,0,1
1843,5,1,0,0
1850,5,1,1,1
1855,5,1,1,1
1880,5,1,1,1
1912,5,1,1,1
1913,5,1,1,1
1928,5,1,1,1
1967,5,1,1,1
1971,5,0,0,1
1973,5,1,1,1
1974,5,0,0,1
1976,5,1,1,1
1980,5,0,1,0
1987,5,0,0,1
1998,5,0,1,0
2013,5,1,0,0
2015,5,1,1,1
2042,5,1,1,1
2044,5,0,0,1
2052,5,1,1,1
2057,5,1,1,1
2062,5,0,1,0
2071,5,1,0,0
2074,5,0,1,0
2088,5,1,0,0
7,6,1,1,1
18,6,0,1,0
20,6,0,0,1
24,6,0,1,0
28,6,0,1,0
30,6,1,0,0
34,6,1,1,1
37,6,0,0,1
42,6,0,1,0
71,6,0,1,0
73,6,0,1,0
74,6,1,1,1
81,6,1,1,1
87,6,1,1,1
108,6,1,0,0
117,6,1,0,0
118,6,1,1,1
120,6,0,0,1
124,6,0,0,1
126,6,1,1,1
140,6,0,0,1
144,6,0,1,0
161,6,0,1,0
162,6,1,1,1
164,6,0,1,0
170,6,0,0,1
172,6,1,1,1
173,6,0,1,0
188,6,0,0,1
193,6,1,1,1
199,6,0,1,0
210,6,1,0,0
230,6,0,0,1
248,6,1,0,0
249,6,1,0,0
274,6,1,1,1
275,6,1,0,0
283,6,0,0,1
314,6,1,0,0
324,6,1,0,0
325,6,0,0,1
332,6,1,0,0
344,6,0,0,1
372,6,1,0,0
380,6,1,0,0
384,6,1,0,0
401,6,0,1,0
402,6,0,0,1
408,6,0,1,0
421,6,1,1,1
425,6,1,0,0
430,6,1,1,1
457,6,1,1,1
476,6,0,1,0
491,6,0,1,0
492,6,0,0,1
495,6,1,0,0
514,6,0,1,0
515,6,1,1,1
518,6,0,0,1
520,6,0,0,1
521,6,1,1,1
527,6,1,0,0
559,6,1,1,1
563,6,1,1,1
567,6,0,1,0
579,6,1,0,0
580,6,1,1,1
597,6,1,1,1
599,6,1,0,0
602,6,1,1,1
608,6,0,0,1
619,6,1,1,1
648,6,1,1,1
653,6,1,0,0
672,6,1,0,0
673,6,0,0,1
677,6,1,0,0
683,6,1,1,1
686,6,1,1,1
691,6,1,1,1
692,6,0,0,1
702,6,0,1,0
703,6,0,0,1
712,6,0,0,1
719,6,1,0,0
724,6,0,1,0
736,6,1,0,0
745,6,1,1,1
754,6,1,0,0
774,6,0,1,0
812,6,1,1,1
822,6,0,1,0
826,6,1,1,1
835,6,0,0,1
837,6,1,0,0
838,6,0,0,1
844,6,1,1,1
851,6,0,1,0
854,6,1,1,1
866,6,1,1,1
870,6,0,0,1
884,6,0,0,1
887,6,0,0,1
895,6,0,0,1
901,6,1,1,1
907,6,0,0,1
911,6,1,0,0
922,6,0,0,1
944,6,1,0,0
950,6,0,0,1
958,6,1,0,0
968,6,1,0,0
977,6,1,0,0
983,6,0,0,1
991,6,1,0,0
997,6,0,0,1
1016,6,0,0,1
1033,6,1,1,1
1056,6,0,1,0
1062,6,1,1,1
1078,6,1,0,0
1102,6,0,1,0
1103,6,0,0,1
1124,6,1,1,1
1135,6,1,0,0
1143,6,0,1,0
1147,6,0,1,0
1149,6,0,0,1
1150,6,0,1,0
1185,6,0,0,1
1186,6,1,1,1
1191,6,1,1,1
1208,6,0,1,0
1211,6,0,0,1
1235,6,0,0,1
1236,6,0,0,1
1252,6,0,1,0
1264,6,0,0,1
1279,6,1,1,1
1295,6,0,0,1
1303,6,1,0,0
1327,6,1,1,1
1329,6,0,0,1
1352,6,0,1,0
1353,6,0,1,0
1382,6,0,1,0
1424,6,1,0,0
1437,6,0,0,1
1442,6,0,1,0
1451,6,1,1,1
1454,6,0,1,0
1458,6,0,1,0
1478,6,0,1,0
1484,6,1,1,1
1486,6,1,1,1
1491,6,1,1,1
1494,6,0,1,0
1501,6,1,0,0
1504,6,0,0,1
1515,6,0,0,1
1530,6,1,0,0
1537,6,1,0,0
1612,6,0,1,0
1620,6,0,1,0
1635,6,1,1,1
1665,6,0,0,1
1694,6,1,1,1
1702,6,1,0,0
1705,6,1,0,0
1714,6,1,0,0
1718,6,1,0,0
1720,6,0,1,0
1737,6,1,1,1
1738,6,0,1,0
1746,6,1,1,1
1755,6,1,0,0
1756,6,0,0,1
1782,6,0,0,1
1787,6,1,0,0
1790,6,1,0,0
1805,6,1,1,1
1848,6,1,0,0
1861,6,1,0,0
1923,6,1,1,1
1939,6,1,0,0
1948,6,1,1,1
1961,6,0,0,1
1963,6,0,1,0
1975,6,0,1,0
1985,6,1,0,0
1996,6,0,1,0
1999,6,1,0,0
2000,6,0,0,1
2007,6,0,1,0
2018,6,1,1,1
2020,6,1,1,1
2034,6,0,0,1
2040,6,0,0,1
2048,6,0,0,1
2058,6,1,1,1
2073,6,0,1,0
6,7,0,1,0
22,7,1,0,0
27,7,1,1,1
32,7,1,0,0
36,7,1,1,1
50,7,0,1,0
64,7,1,1,1
88,7,0,0,1
96,7,1,1,1
98,7,1,0,0
110,7,1,1,1
143,7,0,1,0
147,7,0,1,0
151,7,0,0,1
156,7,0,0,1
165,7,0,1,0
179,7,0,1,0
189,7,1,0,0
194,7,0,1,0
209,7,1,0,0
216,7,1,1,1
229,7,1,0,0
240,7,0,1,0
243,7,0,1,0
257,7,0,0,1
258,7,0,0,1
269,7,1,0,0
281,7,0,0,1
287,7,0,1,0
290,7,1,0,0
292,7,1,1,1
307,7,1,0,0
326,7,1,1,1
334,7,1,1,1
397,7,1,0,0
399,7,1,1,1
422,7,0,1,0
428,7,1,1,1
441,7,1,1,1
468,7,0,1,0
502,7,1,1,1
517,7,0,1,0
519,7,1,0,0
523,7,0,1,0
547,7,0,0,1
588,7,1,1,1
605,7,0,1,0
617,7,0,1,0
618,7,0,0,1
623,7,1,0,0
626,7,0,0,1
649,7,1,1,1
675,7,0,1,0
688,7,0,0,1
689,7,1,1,1
696,7,1,0,0
714,7,0,0,1
718,7,0,1,0
729,7,1,1,1
741,7,1,1,1
756,7,0,1,0
757,7,1,0,0
759,7,0,0,1
767,7,0,1,0
781,7,0,0,1
784,7,1,0,0
794,7,0,0,1
803,7,0,0,1
804,7,0,1,0
807,7,0,1,0
809,7,1,0,0
813,7,1,0,0
855,7,1,0,0
864,7,0,1,0
883,7,1,0,0
896,7,1,0,0
918,7,1,1,1
932,7,0,0,1
961,7,1,1,1
981,7,0,0,1
995,7,0,0,1
1018,7,0,0,1
1025,7,0,0,1
1034,7,1,0,0
1036,7,1,1,1
1038,7,1,1,1
1041,7,1,1,1
1046,7,0,0,1
1057,7,1,0,0
1060,7,1,0,0
1069,7,1,1,1
1072,7,0,0,1
1087,7,1,1,1
1090,7,1,1,1
1108,7,0,1,0
1109,7,0,1,0
1110,7,1,1,1
1116,7,1,0,0
1127,7,1,1,1
1138,7,0,1,0
1141,7,1,1,1
1151,7,0,1,0
1156,7,0,1,0
1159,7,1,0,0
1163,7,0,0,1
1192,7,1,0,0
1199,7,0,0,1
1202,7,1,0,0
1212,7,0,1,0
1229,7,1,1,1
1238,7,1,0,0
1243,7,0,1,0
1269,7,0,0,1
1277,7,0,1,0
1282,7,1,1,1
1288,7,1,1,1
1290,7,0,0,1
1300,7,1,0,0
1314,7,1,1,1
1334,7,0,0,1
1358,7,0,0,1
1364,7,0,0,1
1367,7,1,1,1
1376,7,0,0,1
1378,7,1,1,1
1379,7,0,0,1
1394,7,1,1,1
1398,7,0,0,1
1406,7,0,1,0
1427,7,1,1,1
1432,7,1,1,1
1450,7,0,0,1
1456,7,1,1,1
1469,7,1,0,0
1477,7,1,0,0
1499,7,1,1,1
1505,7,1,0,0
1516,7,1,0,0
1520,7,0,0,1
1526,7,0,1,0
1559,7,0,1,0
1574,7,1,1,1
1592,7,1,1,1
1598,7,0,1,0
1603,7,0,1,0
1604,7,1,1,1
1605,7,0,1,0
1626,7,1,1,1
1636,7,1,1,1
1639,7,1,0,0
1642,7,0,0,1
1647,7,1,1,1
1652,7,1,1,1
1655,7,1,0,0
1661,7,1,1,1
1662,7,1,1,1
1680,7,1,0,0
1683,7,0,1,0
1687,7,0,1,0
1698,7,1,0,0
1703,7,0,0,1
1711,7,1,1,1
1725,7,0,0,1
1726,7,1,0,0
1733,7,0,0,1
1748,7,1,1,1
1754,7,0,1,0
1761,7,0,0,1
1778,7,0,0,1
1784,7,1,1,1
1792,7,1,1,1
1794,7,1,1,1
1800,7,0,0,1
1802,7,1,1,1
1804,7,0,0,1
1825,7,0,0,1
1844,7,0,1,0
1846,7,1,0,0
1856,7,1,1,1
1892,7,0,1,0
1898,7,1,0,0
1900,7,1,1,1
1904,7,1,0,0
1907,7,0,1,0
1911,7,1,1,1
1919,7,0,0,1
1927,7,1,0,0
1932,7,0,0,1
1960,7,0,1,0
1966,7,0,1,0
1990,7,0,1,0
1991,7,0,1,0
2009,7,0,1,0
2010,7,1,0,0
2026,7,1,0,0
2035,7,1,1,1
2038,7,0,1,0
2045,7,0,1,0
2046,7,0,0,1
2049,7,1,1,1
2050,7,0,0,1
2069,7,0,0,1
4,8,0,1,0
16,8,1,1,1
21,8,0,1,0
31,8,1,0,0
49,8,0,0,1
56,8,0,0,1
57,8,1,1,1
58,8,1,0,0
63,8,1,0,0
72,8,1,1,1
80,8,1,1,1
85,8,0,1,0
102,8,1,1,1
125,8,0,1,0
127,8,0,0,1
128,8,1,0,0
137,8,0,1,0
141,8,1,1,1
149,8,0,1,0
163,8,0,1,0
184,8,1,1,1
185,8,0,0,1
195,8,0,1,0
211,8,0,1,0
218,8,0,0,1
225,8,0,1,0
226,8,0,0,1
244,8,0,0,1
247,8,0,0,1
268,8,0,0,1
304,8,1,1,1
309,8,0,0,1
327,8,0,0,1
328,8,1,0,0
343,8,1,1,1
349,8,0,0,1
360,8,1,1,1
387,8,1,1,1
393,8,1,1,1
420,8,0,1,0
449,8,0,1,0
455,8,1,1,1
456,8,1,1,1
461,8,0,1,0
463,8,0,0,1
467,8,1,1,1
471,8,1,0,0
472,8,1,1,1
479,8,0,1,0
482,8,0,1,0
489,8,0,1,0
510,8,0,1,0
526,8,0,1,0
540,8,1,1,1
542,8,1,1,1
555,8,0,0,1
560,8,1,1,1
568,8,1,1,1
590,8,0,1,0
612,8,1,1,1
631,8,1,1,1
633,8,1,1,1
656,8,0,0,1
661,8,0,0,1
666,8,1,1,1
676,8,1,0,0
690,8,1,1,1
694,8,1,1,1
695,8,0,1,0
727,8,0,0,1
748,8,1,0,0
762,8,0,1,0
773,8,0,0,1
799,8,0,1,0
852,8,1,0,0
853,8,0,1,0
892,8,1,1,1
909,8,0,1,0
912,8,0,1,0
919,8,1,1,1
929,8,0,1,0
933,8,0,0,1
942,8,0,0,1
945,8,0,1,0
946,8,0,1,0
955,8,1,0,0
959,8,1,1,1
967,8,0,0,1
973,8,1,0,0
974,8,0,0,1
984,8,0,1,0
990,8,0,1,0
992,8,0,0,1
1011,8,0,0,1
1017,8,0,1,0
1021,8,0,0,1
1026,8,0,1,0
1030,8,0,0,1
1037,8,1,0,0
1052,8,0,0,1
1058,8,0,1,0
1064,8,0,1,0
1088,8,0,1,0
1100,8,1,1,1
1117,8,0,0,1
1120,8,1,0,0
1129,8,1,0,0
1146,8,0,1,0
1157,8,0,1,0
1167,8,0,1,0
1174,8,1,1,1
1181,8,0,1,0
1182,8,0,1,0
1200,8,1,0,0
1205,8,0,1,0
1223,8,1,0,0
1224,8,1,1,1
1233,8,0,1,0
1241,8,0,0,1
1245,8,1,1,1
1257,8,0,1,0
1260,8,0,1,0
1262,8,1,0,0
1289,8,1,1,1
1297,8,0,0,1
1304,8,1,1,1
1308,8,0,1,0
1322,8,0,1,0
1328,8,0,1,0
1336,8,1,1,1
1337,8,1,1,1
1344,8,0,1,0
1349,8,1,1,1
1359,8,0,1,0
1377,8,1,1,1
1384,8,1,1,1
1407,8,1,1,1
1429,8,1,1,1
1434,8,1,1,1
1435,8,1,1,1
1439,8,1,1,1
1453,8,1,1,1
1462,8,0,0,1
1471,8,1,1,1
1481,8,1,1,1
1487,8,1,1,1
1488,8,1,1,1
1489,8,0,1,0
1498,8,0,1,0
1511,8,0,1,0
1514,8,1,1,1
1534,8,1,1,1
1556,8,0,0,1
1564,8,1,0,0
1565,8,1,1,1
1578,8,1,1,1
1579,8,1,1,1
1580,8,1,1,1
1589,8,0,1,0
1595,8,1,1,1
1622,8,0,1,0
1646,8,1,1,1
1648,8,0,0,1
1658,8,0,0,1
1660,8,1,0,0
1675,8,0,1,0
1686,8,1,1,1
1706,8,1,1,1
1721,8,0,0,1
1732,8,0,1,0
1735,8,1,0,0
1743,8,1,1,1
1769,8,1,0,0
1775,8,1,0,0
1783,8,1,1,1
1788,8,1,0,0
1796,8,1,0,0
1807,8,0,0,1
1809,8,0,1,0
1814,8,0,1,0
1817,8,1,0,0
1836,8,1,0,0
1872,8,1,0,0
1877,8,0,1,0
1884,8,1,1,1
1890,8,1,1,1
1896,8,1,0,0
1906,8,0,1,0
1915,8,1,0,0
1924,8,1,0,0
1929,8,1,1,1
1934,8,1,1,1
1938,8,0,0,1
1964,8,1,0,0
1992,8,1,1,1
2012,8,1,1,1
2016,8,1,0,0
2032,8,1,1,1
2060,8,1,1,1
2068,8,0,1,0
2078,8,1,0,0
2080,8,1,1,1
2,9,1,0,0
14,9,1,1,1
41,9,0,1,0
61,9,1,0,0
84,9,0,0,1
91,9,0,1,0
94,9,1,0,0
100,9,0,1,0
106,9,1,1,1
112,9,0,1,0
113,9,1,1,1
130,9,1,1,1
131,9,0,0,1
150,9,0,1,0
153,9,0,0,1
174,9,1,1,1
183,9,1,0,0
205,9,1,0,0
227,9,1,0,0
264,9,1,1,1
277,9,1,0,0
280,9,0,1,0
284,9,1,1,1
288,9,1,1,1
302,9,0,1,0
305,9,0,1,0
315,9,1,1,1
331,9,1,1,1
341,9,0,0,1
348,9,0,0,1
362,9,0,1,0
365,9,1,0,0
370,9,1,1,1
373,9,0,1,0
381,9,1,1,1
404,9,1,1,1
413,9,0,1,0
426,9,1,0,0
427,9,0,0,1
437,9,1,1,1
458,9,0,1,0
459,9,1,1,1
483,9,0,0,1
485,9,1,1,1
488,9,1,1,1
490,9,1,1,1
528,9,0,0,1
544,9,0,0,1
581,9,1,1,1
582,9,1,1,1
584,9,0,0,1
595,9,1,1,1
596,9,0,1,0
609,9,1,0,0
635,9,0,0,1
636,9,1,0,0
641,9,0,1,0
642,9,1,0,0
657,9,1,1,1
669,9,0,0,1
670,9,0,1,0
704,9,1,1,1
735,9,0,1,0
737,9,0,0,1
744,9,0,1,0
746,9,1,1,1
753,9,1,1,1
760,9,0,1,0
802,9,0,0,1
808,9,0,1,0
819,9,0,1,0
834,9,0,1,0
872,9,0,0,1
873,9,1,0,0
898,9,1,1,1
903,9,1,1,1
923,9,0,0,1
934,9,0,1,0
940,9,0,0,1
943,9,0,0,1
963,9,0,1,0
982,9,0,0,1
1000,9,0,0,1
1043,9,1,1,1
1055,9,0,1,0
1086,9,1,0,0
1105,9,1,1,1
1107,9,1,1,1
1128,9,1,1,1
1136,9,1,1,1
1139,9,0,1,0
1144,9,0,0,1
1154,9,1,1,1
1169,9,1,1,1
1184,9,0,0,1
1189,9,1,0,0
1219,9,0,1,0
1221,9,1,1,1
1247,9,1,1,1
1267,9,0,0,1
1271,9,1,1,1
1273,9,0,0,1
1274,9,1,0,0
1275,9,1,0,0
1280,9,0,0,1
1286,9,1,0,0
1292,9,1,1,1
1298,9,0,0,1
1302,9,1,1,1
1307,9,0,0,1
1320,9,1,0,0
1321,9,0,1,0
1332,9,0,1,0
1338,9,1,1,1
1346,9,0,0,1
1361,9,1,1,1
1369,9,1,1,1
1374,9,0,1,0
1383,9,0,0,1
1395,9,0,0,1
1404,9,0,0,1
1405,9,1,1,1
1409,9,0,1,0
1413,9,1,0,0
1414,9,0,0,1
1415,9,1,1,1
1422,9,1,1,1
1447,9,1,1,1
1470,9,1,1,1
1473,9,1,1,1
1482,9,0,1,0
1493,9,0,0,1
1497,9,1,1,1
1502,9,1,1,1
1508,9,1,0,0
1513,9,0,1,0
1529,9,1,0,0
1533,9,0,1,0
1539,9,0,1,0
1546,9,1,1,1
1557,9,0,0,1
1560,9,0,1,0
1570,9,1,0,0
1599,9,1,1,1
1607,9,1,0,0
1608,9,1,1,1
1618,9,1,0,0
1619,9,0,1,0
1631,9,1,1,1
1640,9,1,0,0
1641,9,0,1,0
1657,9,0,1,0
1663,9,0,1,0
1678,9,0,0,1
1695,9,1,1,1
1697,9,1,0,0
1700,9,1,1,1
1701,9,0,0,1
1712,9,1,1,1
1728,9,1,0,0
1729,9,0,1,0
1745,9,1,1,1
1759,9,1,0,0
1760,9,0,0,1
1762,9,1,1,1
1771,9,1,0,0
1776,9,1,0,0
1785,9,0,1,0
1797,9,0,1,0
1801,9,0,1,0
1806,9,0,0,1
1819,9,1,1,1
1823,9,0,1,0
1830,9,1,1,1
1833,9,0,0,1
1849,9,0,0,1
1852,9,0,1,0
1866,9,1,1,1
1883,9,0,1,0
1889,9,1,1,1
1893,9,1,0,0
1899,9,0,1,0
1902,9,0,0,1
1916,9,1,1,1
1920,9,0,0,1
1943,9,0,1,0
1945,9,0,0,1
1951,9,0,1,0
1954,9,1,0,0
1959,9,0,0,1
1965,9,0,0,1
1983,9,1,1,1
2006,9,1,1,1
2019,9,1,1,1
2031,9,0,1,0
2043,9,0,1,0
2047,9,0,0,1
2054,9,0,1,0
2059,9,1,0,0
2082,9,1,1,1
2086,9,0,0,1
2090,9,1,1,1
11,10,1,1,1
33,10,0,0,1
46,10,0,0,1
51,10,1,1,1
69,10,1,1,1
89,10,0,0,1
95,10,1,0,0
104,10,0,1,0
133,10,1,0,0
148,10,0,1,0
155,10,0,0,1
159,10,0,1,0
166,10,0,1,0
182,10,1,0,0
196,10,1,1,1
197,10,1,1,1
200,10,0,0,1
204,10,1,1,1
217,10,1,0,0
222,10,0,0,1
228,10,1,0,0
250,10,1,1,1
252,10,1,1,1
263,10,0,0,1
265,10,1,1,1
266,10,0,1,0
286,10,0,0,1
295,10,0,0,1
297,10,1,1,1
298,10,1,1,1
318,10,1,0,0
320,10,1,1,1
345,10,0,1,0
351,10,0,0,1
355,10,0,0,1
367,10,1,1,1
376,10,0,0,1
377,10,1,1,1
385,10,0,0,1
391,10,1,1,1
392,10,0,1,0
394,10,1,0,0
395,10,1,1,1
405,10,1,0,0
439,10,0,0,1
444,10,1,0,0
451,10,0,0,1
453,10,1,0,0
484,10,1,0,0
500,10,1,1,1
507,10,0,1,0
522,10,1,1,1
541,10,0,1,0
546,10,0,1,0
557,10,0,1,0
562,10,1,1,1
571,10,0,0,1
575,10,0,1,0
611,10,0,0,1
616,10,1,0,0
620,10,0,1,0
640,10,1,1,1
645,10,0,1,0
646,10,1,1,1
684,10,1,0,0
685,10,0,0,1
701,10,1,1,1
720,10,0,1,0
742,10,0,1,0
758,10,1,0,0
761,10,1,1,1
763,10,0,0,1
785,10,1,1,1
787,10,1,1,1
793,10,1,0,0
831,10,1,1,1
833,10,0,0,1
850,10,0,0,1
860,10,1,1,1
868,10,0,1,0
877,10,1,0,0
880,10,1,0,0
882,10,1,1,1
916,10,1,0,0
917,10,0,1,0
924,10,0,1,0
926,10,1,1,1
931,10,0,1,0
947,10,1,0,0
956,10,1,1,1
969,10,1,1,1
970,10,0,0,1
986,10,0,1,0
1003,10,0,0,1
1006,10,0,1,0
1010,10,0,0,1
1012,10,1,1,1
1019,10,0,1,0
1028,10,0,0,1
1047,10,1,0,0
1051,10,1,1,1
1070,10,1,0,0
1076,10,1,0,0
1085,10,1,1,1
1094,10,1,1,1
1106,10,1,1,1
1152,10,0,0,1
1162,10,0,1,0
1168,10,0,1,0
1195,10,0,0,1
1204,10,1,0,0
1206,10,0,1,0
1215,10,0,0,1
1232,10,0,0,1
1239,10,1,0,0
1251,10,1,1,1
1256,10,0,0,1
1266,10,0,1,0
1310,10,0,0,1
1315,10,1,1,1
1316,10,0,0,1
1331,10,0,0,1
1339,10,1,0,0
1340,10,1,1,1
1345,10,0,0,1
1347,10,1,1,1
1350,10,0,1,0
1368,10,0,0,1
1390,10,1,1,1
1396,10,0,1,0
1397,10,1,1,1
1403,10,1,0,0
1410,10,1,1,1
1421,10,1,1,1
1443,10,0,1,0
1464,10,1,1,1
1476,10,0,0,1
1500,10,1,1,1
1510,10,1,1,1
1535,10,1,0,0
1541,10,0,1,0
1549,10,0,1,0
1554,10,0,0,1
1562,10,0,1,0
1566,10,1,1,1
1571,10,1,1,1
1577,10,0,0,1
1583,10,0,0,1
1584,10,1,1,1
1586,10,0,0,1
1594,10,1,1,1
1602,10,1,1,1
1613,10,1,1,1
1654,10,1,1,1
1672,10,1,1,1
1673,10,1,1,1
1685,10,1,1,1
1689,10,1,1,1
1691,10,1,1,1
1704,10,1,0,0
1727,10,1,1,1
1730,10,1,1,1
1731,10,0,0,1
1734,10,1,0,0
1744,10,0,0,1
1751,10,0,0,1
1758,10,0,0,1
1786,10,1,1,1
1793,10,1,1,1
1799,10,0,1,0
1816,10,0,0,1
1832,10,0,0,1
1839,10,0,0,1
1854,10,0,0,1
1859,10,0,0,1
1860,10,1,0,0
1867,10,1,1,1
1871,10,0,1,0
1873,10,0,0,1
1879,10,0,0,1
1885,10,0,1,0
1886,10,0,1,0
1909,10,0,0,1
1930,10,0,0,1
1933,10,0,0,1
1936,10,0,0,1
1946,10,1,1,1
1947,10,1,1,1
1950,10,0,1,0
1955,10,0,0,1
1962,10,1,1,1
1970,10,0,1,0
1977,10,1,1,1
1984,10,0,0,1
2014,10,1,1,1
2022,10,0,1,0
2023,10,1,0,0
2025,10,0,1,0
2028,10,1,0,0
2029,10,0,1,0
2033,10,1,1,1
2075,10,1,1,1
