y,mu,d_plus,d_minus,knn_purity,knn_mean,view,id,fold,y_true,y_pred,correct
1,0.0,0.0,0.0,0.3,0.0,naics,1,2,1,0,0
1,0.53846153846071,0.5,0.15,0.4,0.41500000000000004,naics,2,9,1,0,0
0,0.0,0.0,0.0,0.7,0.0,naics,3,5,0,0,1
0,0.0,0.0,0.0,0.6,0.045,naics,4,8,0,0,1
0,0.0,0.0,0.0,0.2,0.0,naics,5,1,0,0,1
0,0.0,0.0,0.0,0.5,0.0,naics,6,7,0,0,1
1,0.0,0.0,0.0,0.9,0.0,naics,7,6,1,1,1
1,0.0,0.0,0.0,0.4,0.0,naics,8,3,1,1,1
0,0.0,0.0,0.0,0.4,0.0,naics,9,1,0,1,0
1,0.0,0.15,0.15,0.6,0.165,naics,10,3,1,0,0
1,0.0,0.0,0.0,0.5,0.0,naics,11,10,1,0,0
0,0.0,0.0,0.0,0.6,0.0,naics,12,3,0,1,0
0,0.9999999999975001,0.4,0.0,0.0,0.30999999999999994,naics,13,5,0,1,0
1,0.0,0.0,0.0,0.5,0.0,naics,14,9,1,0,0
1,0.0,0.0,0.0,0.5,0.0,naics,15,5,1,0,0
1,0.0,0.0,0.0,0.9,0.0,naics,16,8,1,1,1
1,0.9999999999933333,0.15,0.0,0.2,0.03,naics,17,3,1,0,0
0,0.0,0.0,0.0,0.4,0.0,naics,18,6,0,1,0
1,0.0,0.0,0.0,0.5,0.0,naics,19,3,1,1,1
0,-0.9999999999933333,0.0,0.15,0.7,0.225,naics,20,6,0,0,1
0,0.0,0.0,0.0,0.2,0.0,naics,21,8,0,1,0
1,0.0,0.0,0.0,0.5,0.0,naics,22,7,1,1,1
0,0.0,0.0,0.0,0.4,0.0,naics,23,1,0,1,0
0,0.0,0.0,0.0,0.4,0.16999999999999998,naics,24,6,0,0,1
1,0.0,0.0,0.0,0.8,0.0,naics,25,1,1,1,1
0,0.0,0.0,0.0,0.6,0.0,naics,26,3,0,0,1
1,0.0,0.0,0.0,0.6,0.0,naics,27,7,1,1,1
0,-0.9999999999933333,0.0,0.15,0.6,0.10500000000000001,naics,28,6,0,1,0
0,0.0,0.0,0.0,0.4,0.015,naics,29,4,0,1,0
1,0.0,0.0,0.0,0.2,0.0,naics,30,6,1,0,0
1,0.0,0.0,0.0,0.4,0.015,naics,31,8,1,0,0
1,-0.33333333333259263,0.15,0.3,0.5,0.5349999999999999,naics,32,7,1,0,0
0,0.0,0.0,0.0,0.6,0.015,naics,33,10,0,0,1
1,0.0,0.0,0.0,0.9,0.0,naics,34,6,1,0,0
1,-0.9999999999933333,0.0,0.15,0.9,0.075,naics,35,1,1,1,1
1,0.0,0.0,0.0,0.9,0.0,naics,36,7,1,1,1
0,0.0,0.0,0.0,0.5,0.0,naics,37,6,0,0,1
1,0.0,0.0,0.0,0.8,0.0,naics,38,1,1,1,1
1,0.0,0.0,0.0,0.8,0.03,naics,39,5,1,1,1
0,0.0,0.0,0.0,0.7,0.06,naics,40,4,0,1,0
0,-0.4545454545446281,0.15,0.4,0.7,0.37,naics,41,9,0,0,1
0,0.0,0.0,0.0,0.1,0.0,naics,42,6,0,1,0
0,0.0,0.0,0.0,0.3,0.0,naics,43,5,0,0,1
1,0.0,0.0,0.0,0.8,0.0,naics,44,3,1,1,1
0,-0.9999999999933333,0.0,0.15,0.8,0.06,naics,45,1,0,0,1
0,0.0,0.0,0.0,0.6,0.10500000000000001,naics,46,10,0,1,0
0,-0.9999999999933333,0.0,0.15,0.8,0.06,naics,47,1,0,0,1
1,0.0,0.0,0.0,0.5,0.0,naics,48,2,1,1,1
0,0.0,0.0,0.0,0.4,0.0,naics,49,8,0,1,0
0,0.0,0.0,0.0,0.2,0.0,naics,50,7,0,0,1
1,0.0,0.0,0.0,0.6,0.0,naics,51,10,1,1,1
0,0.0,0.0,0.0,0.8,0.06,naics,52,1,0,0,1
1,0.0,0.0,0.0,0.4,0.045,naics,53,2,1,0,0
0,0.0,0.0,0.0,0.6,0.0,naics,54,5,0,1,0
1,-0.9999999999933333,0.0,0.15,0.7,0.18,naics,55,2,1,0,0
0,0.0,0.0,0.0,0.9,0.0,naics,56,8,0,0,1
1,0.0,0.0,0.0,0.5,0.0,naics,57,8,1,1,1
1,0.0,0.0,0.0,0.4,0.045,naics,58,8,1,0,0
1,0.0,0.0,0.0,0.5,0.0,naics,59,3,1,0,0
1,0.0,0.0,0.0,0.8,0.0,naics,60,4,1,0,0
1,0.0,0.0,0.0,0.5,0.0,naics,61,9,1,0,0
0,0.0,0.0,0.0,0.7,0.03,naics,62,2,0,0,1
1,0.0,0.0,0.0,0.7,0.045,naics,63,8,1,0,0
1,0.0,0.0,0.0,0.8,0.0,naics,64,7,1,1,1
0,0.0,0.0,0.0,0.4,0.0,naics,65,4,0,1,0
0,-0.9999999999933333,0.0,0.15,0.7,0.23500000000000001,naics,66,2,0,0,1
1,0.0,0.0,0.0,0.5,0.0,naics,67,1,1,1,1
1,0.0,0.0,0.0,0.3,0.0,naics,68,2,1,1,1
1,0.9999999999933333,0.15,0.0,0.2,0.135,naics,69,10,1,0,0
1,0.0,0.0,0.0,0.7,0.0,naics,70,3,1,0,0
0,0.0,0.0,0.0,0.5,0.0,naics,71,6,0,1,0
1,0.0,0.0,0.0,0.6,0.0,naics,72,8,1,1,1
0,0.0,0.0,0.0,0.6,0.0,naics,73,6,0,0,1
1,0.0,0.0,0.0,0.4,0.0,naics,74,6,1,1,1
0,-0.5999999999992,0.15,0.6,0.8,0.4749999999999999,naics,75,2,0,0,1
0,0.0,0.0,0.0,0.8,0.0,naics,76,1,0,0,1
1,0.0,0.0,0.0,0.3,0.18,naics,77,3,1,0,0
0,0.0,0.0,0.0,0.9,0.045,naics,78,4,0,0,1
1,0.0,0.0,0.0,0.5,0.0,naics,79,3,1,0,0
1,0.0,0.0,0.0,0.7,0.0,naics,80,8,1,1,1
1,0.0,0.0,0.0,0.9,0.0,naics,81,6,1,1,1
0,0.0,0.0,0.0,0.7,0.0,naics,82,2,0,0,1
0,0.0,0.0,0.0,0.5,0.015,naics,83,4,0,1,0
0,-0.9999999999966668,0.0,0.3,0.6,0.225,naics,84,9,0,1,0
0,0.0,0.0,0.0,0.3,0.0,naics,85,8,0,1,0
1,0.0,0.0,0.0,0.7,0.09,naics,86,1,1,0,0
1,0.0,0.0,0.0,0.6,0.0,naics,87,6,1,1,1
0,0.0,0.3,0.3,0.8,0.26999999999999996,naics,88,7,0,0,1
0,0.0,0.0,0.0,0.4,0.0,naics,89,10,0,1,0
0,0.0,0.0,0.0,0.5,0.0,naics,90,5,0,0,1
0,0.0,0.0,0.0,0.4,0.03,naics,91,9,0,1,0
0,0.0,0.0,0.0,0.7,0.045,naics,92,4,0,0,1
0,0.0,0.0,0.0,0.3,0.045,naics,93,3,0,1,0
1,0.0,0.0,0.0,0.3,0.09,naics,94,9,1,0,0
1,0.0,0.0,0.0,0.5,0.0,naics,95,10,1,1,1
1,0.0,0.0,0.0,0.7,0.0,naics,96,7,1,1,1
1,0.0,0.0,0.0,0.5,0.0,naics,97,1,1,1,1
1,0.0,0.0,0.0,0.5,0.03,naics,98,7,1,1,1
0,0.0,0.0,0.0,0.7,0.015,naics,99,4,0,0,1
0,-0.9999999999933333,0.0,0.15,0.8,0.135,naics,100,9,0,0,1
1,0.0,0.0,0.0,0.3,0.4116666666666666,naics,101,2,1,0,0
1,0.0,0.0,0.0,0.8,0.0,naics,102,8,1,1,1
0,0.0,0.0,0.0,0.5,0.0,naics,103,3,0,0,1
0,0.0,0.0,0.0,0.6,0.075,naics,104,10,0,0,1
1,0.0,0.0,0.0,0.6,0.0,naics,105,3,1,1,1
1,0.0,0.0,0.0,0.5,0.0,naics,106,9,1,1,1
1,0.0,0.0,0.0,0.6,0.09,naics,107,4,1,1,1
1,0.0,0.0,0.0,0.3,0.0,naics,108,6,1,0,0
0,-0.9999999999933333,0.0,0.15,0.9,0.12,naics,109,1,0,0,1
1,0.0,0.0,0.0,0.9,0.0,naics,110,7,1,1,1
0,0.0,0.0,0.0,0.7,0.0,naics,111,1,0,0,1
0,0.0,0.0,0.0,0.5,0.0,naics,112,9,0,0,1
1,0.0,0.0,0.0,0.5,0.0,naics,113,9,1,1,1
0,-0.9999999999933333,0.0,0.15,0.8,0.375,naics,114,3,0,0,1
0,0.9999999999975001,0.4,0.0,0.4,0.27999999999999997,naics,115,5,0,1,0
0,0.0,0.0,0.0,0.3,0.0,naics,116,3,0,1,0
1,0.0,0.0,0.0,0.6,0.0,naics,117,6,1,1,1
1,0.0,0.0,0.0,0.8,0.0,naics,118,6,1,0,0
1,0.0,0.0,0.0,0.5,0.0,naics,119,5,1,0,0
0,0.0,0.0,0.0,0.3,0.0,naics,120,6,0,0,1
1,0.0,0.0,0.0,0.4,0.0,naics,121,1,1,1,1
0,0.0,0.0,0.0,0.7,0.03,naics,122,5,0,0,1
0,0.0,0.0,0.0,0.8,0.0,naics,123,5,0,1,0
0,0.0,0.0,0.0,0.8,0.0,naics,124,6,0,0,1
0,0.0,0.0,0.0,0.5,0.0,naics,125,8,0,0,1
1,0.0,0.0,0.0,0.4,0.0,naics,126,6,1,0,0
0,0.0,0.0,0.0,0.6,0.0,naics,127,8,0,0,1
1,0.0,0.0,0.0,0.6,0.0,naics,128,8,1,1,1
0,0.0,0.0,0.0,0.5,0.06,naics,129,2,0,0,1
1,0.0,0.0,0.0,0.7,0.0,naics,130,9,1,0,0
0,0.0,0.0,0.0,0.4,0.0,naics,131,9,0,1,0
0,0.0,0.0,0.0,0.5,0.0,naics,132,5,0,0,1
1,0.0,0.0,0.0,0.4,0.0,naics,133,10,1,0,0
1,-0.9999999999933333,0.0,0.15,0.7,0.12,naics,134,2,1,0,0
1,0.0,0.0,0.0,0.4,0.0,naics,135,3,1,1,1
0,-0.9999999999933333,0.0,0.15,0.8,0.10500000000000001,naics,136,3,0,0,1
0,0.0,0.0,0.0,0.2,0.045,naics,137,8,0,1,0
0,0.0,0.0,0.0,0.7,0.015,naics,138,5,0,0,1
0,0.0,0.0,0.0,0.7,0.0,naics,139,2,0,0,1
0,0.0,0.0,0.0,0.6,0.0,naics,140,6,0,1,0
1,0.0,0.0,0.0,0.9,0.0,naics,141,8,1,1,1
1,0.0,0.0,0.0,0.8,0.0,naics,142,2,1,0,0
0,0.0,0.0,0.0,0.6,0.0,naics,143,7,0,1,0
0,0.0,0.0,0.0,0.5,0.045,naics,144,6,0,0,1
0,0.0,0.0,0.0,0.4,0.0,naics,145,3,0,1,0
0,0.0,0.0,0.0,0.5,0.0,naics,146,4,0,0,1
0,0.0,0.0,0.0,0.6,0.0,naics,147,7,0,0,1
0,0.0,0.0,0.0,0.5,0.0,naics,148,10,0,0,1
0,0.0,0.0,0.0,0.6,0.0,naics,149,8,0,1,0
0,0.0,0.0,0.0,0.4,0.0,naics,150,9,0,1,0
0,0.0,0.0,0.0,0.5,0.0,naics,151,7,0,1,0
0,0.0,0.0,0.0,0.8,0.0,naics,152,3,0,0,1
0,0.0,0.0,0.0,0.5,0.27999999999999997,naics,153,9,0,0,1
0,0.0,0.0,0.0,0.9,0.03,naics,154,2,0,0,1
0,0.0,0.0,0.0,0.7,0.0,naics,155,10,0,0,1
0,0.0,0.0,0.0,0.2,0.0,naics,156,7,0,1,0
0,0.0,0.0,0.0,0.5,0.0,naics,157,1,0,1,0
0,0.0,0.0,0.0,0.4,0.075,naics,158,1,0,1,0
0,0.0,0.0,0.0,0.1,0.0,naics,159,10,0,0,1
0,0.0,0.0,0.0,0.7,0.0,naics,160,4,0,1,0
0,0.0,0.0,0.0,0.4,0.0,naics,161,6,0,1,0
1,-0.9999999999966668,0.0,0.3,0.7,0.255,naics,162,6,1,1,1
0,0.0,0.0,0.0,0.6,0.0,naics,163,8,0,1,0
0,0.0,0.0,0.0,0.4,0.18,naics,164,6,0,1,0
0,0.0,0.0,0.0,0.8,0.015,naics,165,7,0,0,1
0,0.0,0.0,0.0,0.2,0.0,naics,166,10,0,1,0
1,0.0,0.0,0.0,0.7,0.21999999999999997,naics,167,5,1,0,0
1,0.0,0.0,0.0,0.8,0.0,naics,168,1,1,0,0
0,0.0,0.0,0.0,0.5,0.0,naics,169,5,0,0,1
0,0.0,0.0,0.0,0.6,0.0,naics,170,6,0,1,0
1,-0.9999999999933333,0.0,0.15,0.7,0.13499999999999998,naics,171,3,1,1,1
1,0.0,0.0,0.0,0.8,0.09,naics,172,6,1,1,1
0,0.0,0.0,0.0,0.7,0.0,naics,173,6,0,0,1
1,0.0,0.0,0.0,0.7,0.03,naics,174,9,1,0,0
1,-0.9999999999975001,0.0,0.4,0.9,0.225,naics,175,3,1,0,0
0,0.0,0.0,0.0,0.6,0.0,naics,176,4,0,0,1
1,0.0,0.0,0.0,0.4,0.0,naics,177,5,1,1,1
0,0.0,0.0,0.0,0.7,0.03,naics,178,2,0,0,1
0,0.0,0.0,0.0,0.5,0.0,naics,179,7,0,1,0
0,0.0,0.0,0.0,0.6,0.0,naics,180,4,0,0,1
1,0.0,0.0,0.0,0.8,0.0,naics,181,2,1,1,1
1,0.0,0.0,0.0,0.3,0.0,naics,182,10,1,0,0
1,0.0,0.0,0.0,0.5,0.0,naics,183,9,1,0,0
1,0.0,0.0,0.0,1.0,0.0,naics,184,8,1,1,1
0,-0.53846153846071,0.15,0.5,0.6,0.43,naics,185,8,0,0,1
0,0.0,0.0,0.0,0.7,0.06,naics,186,1,0,1,0
1,0.0,0.0,0.0,0.8,0.0,naics,187,1,1,0,0
0,-0.9999999999966668,0.0,0.3,0.6,0.22999999999999998,naics,188,6,0,0,1
1,0.0,0.0,0.0,0.3,0.0,naics,189,7,1,0,0
1,0.0,0.0,0.0,0.4,0.0,naics,190,5,1,1,1
1,0.0,0.0,0.0,1.0,0.0,naics,191,1,1,0,0
1,0.0,0.0,0.0,0.4,0.14500000000000002,naics,192,1,1,1,1
1,0.0,0.0,0.0,0.9,0.0,naics,193,6,1,1,1
0,0.0,0.0,0.0,0.6,0.0,naics,194,7,0,1,0
0,0.0,0.0,0.0,0.4,0.0,naics,195,8,0,0,1
1,-0.9999999999966668,0.0,0.3,0.7,0.165,naics,196,10,1,0,0
1,0.0,0.0,0.0,0.7,0.0,naics,197,10,1,1,1
0,-0.999999999998,0.0,0.5,0.7,0.41500000000000004,naics,198,2,0,1,0
0,0.0,0.0,0.0,0.5,0.0,naics,199,6,0,1,0
0,0.0,0.0,0.0,0.4,0.06,naics,200,10,0,1,0
0,0.0,0.15,0.15,0.8,0.15,naics,201,4,0,0,1
0,0.0,0.0,0.0,0.8,0.03,naics,202,3,0,0,1
1,0.0,0.0,0.0,0.6,0.0,naics,203,1,1,1,1
1,-0.9999999999966668,0.0,0.3,0.9,0.165,naics,204,10,1,1,1
1,0.0,0.0,0.0,0.2,0.0,naics,205,9,1,0,0
1,0.0,0.0,0.0,0.3,0.0,naics,206,5,1,0,0
1,0.0,0.0,0.0,0.4,0.165,naics,207,2,1,1,1
1,0.0,0.0,0.0,0.4,0.0,naics,208,3,1,1,1
1,0.0,0.0,0.0,0.3,0.0,naics,209,7,1,0,0
1,0.0,0.0,0.0,0.8,0.0,naics,210,6,1,0,0
0,0.0,0.0,0.0,0.5,0.0,naics,211,8,0,0,1
0,0.0,0.0,0.0,0.1,0.0,naics,212,1,0,0,1
0,0.0,0.0,0.0,0.3,0.0,naics,213,5,0,0,1
0,0.0,0.0,0.0,0.3,0.0,naics,214,1,0,0,1
1,0.0,0.0,0.0,0.4,0.0,naics,215,1,1,0,0
1,0.0,0.0,0.0,0.7,0.0,naics,216,7,1,0,0
1,0.0,0.0,0.0,0.4,0.33499999999999996,naics,217,10,1,0,0
0,0.0,0.0,0.0,0.6,0.03,naics,218,8,0,0,1
0,-0.999999999998,0.0,0.5,0.7,0.43166666666666664,naics,220,4,0,0,1
1,0.0,0.0,0.0,0.6,0.0,naics,221,4,1,1,1
0,0.0,0.0,0.0,0.4,0.015,naics,222,10,0,0,1
0,0.0,0.0,0.0,0.7,0.0,naics,223,4,0,0,1
1,0.0,0.0,0.0,0.3,0.0,naics,224,1,1,0,0
0,0.0,0.0,0.0,0.5,0.06,naics,225,8,0,0,1
0,0.0,0.0,0.0,0.2,0.0,naics,226,8,0,1,0
1,0.0,0.0,0.0,0.4,0.0,naics,227,9,1,1,1
1,0.0,0.0,0.0,0.8,0.0,naics,228,10,1,1,1
1,0.0,0.0,0.0,0.6,0.0,naics,229,7,1,1,1
0,0.0,0.0,0.0,0.3,0.0,naics,230,6,0,1,0
1,0.0,0.0,0.0,0.7,0.0,naics,231,1,1,1,1
1,0.0,0.0,0.0,0.6,0.0,naics,232,4,1,1,1
1,0.0,0.0,0.0,0.5,0.19,naics,233,5,1,0,0
1,0.0,0.0,0.0,0.7,0.0,naics,234,3,1,0,0
0,0.0,0.0,0.0,0.5,0.0,naics,235,1,0,0,1
1,0.0,0.0,0.0,0.3,0.0,naics,236,2,1,0,0
0,0.0,0.0,0.0,0.7,0.0,naics,237,5,0,0,1
0,0.0,0.0,0.0,0.4,0.015,naics,238,1,0,0,1
1,0.0,0.0,0.0,1.0,0.015,naics,239,1,1,1,1
0,0.0,0.0,0.0,0.6,0.15,naics,240,7,0,0,1
1,0.0,0.0,0.0,0.5,0.03,naics,241,2,1,0,0
1,0.0,0.0,0.0,0.9,0.015,naics,242,3,1,1,1
0,0.0,0.0,0.0,0.5,0.0,naics,243,7,0,0,1
0,0.0,0.0,0.0,0.4,0.0,naics,244,8,0,1,0
1,0.0,0.0,0.0,0.7,0.0,naics,245,3,1,1,1
0,0.0,0.0,0.0,0.5,0.0,naics,246,3,0,0,1
0,0.0,0.0,0.0,0.8,0.03,naics,247,8,0,1,0
1,0.0,0.7,0.7,0.4,0.7599999999999999,naics,248,6,1,0,0
1,0.0,0.0,0.0,0.5,0.0,naics,249,6,1,1,1
1,0.0,0.0,0.0,0.4,0.0,naics,250,10,1,0,0
1,0.0,0.0,0.0,0.4,0.06,naics,251,4,1,1,1
1,0.0,0.0,0.0,0.5,0.015,naics,252,10,1,1,1
0,0.0,0.0,0.0,0.7,0.0,naics,253,3,0,1,0
1,0.0,0.0,0.0,0.8,0.0,naics,254,3,1,0,0
1,0.0,0.3,0.3,0.4,0.26999999999999996,naics,255,3,1,0,0
0,0.0,0.0,0.0,0.1,0.0,naics,256,2,0,1,0
0,0.0,0.0,0.0,0.7,0.0,naics,257,7,0,0,1
0,0.0,0.0,0.0,0.5,0.0,naics,258,7,0,1,0
1,0.0,0.0,0.0,0.4,0.0,naics,259,1,1,0,0
0,0.0,0.0,0.0,0.8,0.0,naics,260,3,0,0,1
1,0.0,0.0,0.0,0.5,0.0,naics,261,5,1,0,0
1,0.0,0.0,0.0,0.8,0.0,naics,262,1,1,1,1
0,0.0,0.0,0.0,0.4,0.15,naics,263,10,0,1,0
1,0.0,0.0,0.0,0.6,0.0,naics,264,9,1,1,1
1,0.0,0.0,0.0,0.6,0.10500000000000001,naics,265,10,1,0,0
0,0.0,0.0,0.0,0.7,0.0,naics,266,10,0,1,0
1,0.0,0.0,0.0,0.7,0.0,naics,267,5,1,0,0
0,-0.33333333333259263,0.15,0.3,0.6,0.255,naics,268,8,0,0,1
1,0.0,0.0,0.0,0.6,0.0,naics,269,7,1,1,1
1,0.0,0.0,0.0,0.5,0.0,naics,270,4,1,1,1
0,0.0,0.0,0.0,0.7,0.0,naics,271,4,0,0,1
1,0.0,0.0,0.0,0.0,0.0,naics,272,3,1,0,0
0,0.0,0.0,0.0,0.5,0.0,naics,273,1,0,0,1
1,0.0,0.0,0.0,0.5,0.0,naics,274,6,1,0,0
1,0.0,0.0,0.0,0.6,0.0,naics,275,6,1,1,1
1,0.0,0.0,0.0,0.5,0.015,naics,276,5,1,0,0
1,0.0,0.0,0.0,0.8,0.03,naics,277,9,1,1,1
0,0.0,0.0,0.0,0.9,0.03,naics,278,2,0,0,1
0,0.0,0.0,0.0,0.8,0.06,naics,279,2,0,1,0
0,0.0,0.0,0.0,0.2,0.0,naics,280,9,0,0,1
0,0.0,0.0,0.0,0.3,0.0,naics,281,7,0,1,0
1,0.0,0.0,0.0,0.7,0.015,naics,282,3,1,1,1
0,0.0,0.0,0.0,0.8,0.0,naics,283,6,0,0,1
1,0.0,0.0,0.0,0.7,0.0,naics,284,9,1,0,0
1,0.0,0.0,0.0,0.5,0.0,naics,285,3,1,0,0
0,0.0,0.0,0.0,0.8,0.0,naics,286,10,0,1,0
0,0.0,0.0,0.0,0.8,0.09,naics,287,7,0,0,1
1,0.0,0.0,0.0,0.4,0.0,naics,288,9,1,0,0
0,0.0,0.0,0.0,0.2,0.0,naics,289,2,0,1,0
1,0.0,0.0,0.0,0.4,0.0,naics,290,7,1,0,0
1,0.0,0.0,0.0,0.6,0.0,naics,291,5,1,1,1
1,0.0,0.0,0.0,0.5,0.0,naics,292,7,1,0,0
1,0.0,0.0,0.0,1.0,0.0,naics,293,1,1,1,1
1,0.0,0.0,0.0,0.8,0.0,naics,294,5,1,1,1
0,0.0,0.0,0.0,0.7,0.06,naics,295,10,0,1,0
1,0.0,0.0,0.0,0.6,0.0,naics,296,3,1,1,1
1,0.0,0.0,0.0,0.8,0.015,naics,297,10,1,1,1
1,0.0,0.0,0.0,0.4,0.0,naics,298,10,1,0,0
1,0.0,0.0,0.0,0.3,0.195,naics,299,5,1,0,0
0,0.0,0.3,0.3,0.5,0.26999999999999996,naics,300,4,0,0,1
0,0.0,0.0,0.0,0.6,0.0,naics,301,5,0,1,0
0,-0.9999999999966668,0.0,0.3,0.7,0.24,naics,302,9,0,0,1
0,0.0,0.0,0.0,0.5,0.06,naics,303,2,0,1,0
1,0.0,0.0,0.0,0.7,0.0,naics,304,8,1,1,1
0,0.999999999998,0.5,0.0,0.8,0.42833333333333334,naics,305,9,0,0,1
0,0.0,0.0,0.0,0.5,0.12,naics,306,5,0,0,1
1,0.0,0.0,0.0,0.6,0.09,naics,307,7,1,0,0
0,0.0,0.0,0.0,0.8,0.06,naics,308,5,0,1,0
0,0.0,0.0,0.0,0.5,0.0,naics,309,8,0,1,0
0,-0.9999999999966668,0.0,0.3,0.6,0.22999999999999998,naics,310,3,0,0,1
1,0.0,0.0,0.0,0.8,0.0,naics,311,4,1,0,0
1,0.0,0.0,0.0,0.7,0.03,naics,312,4,1,0,0
1,0.0,0.0,0.0,0.2,0.0,naics,313,2,1,0,0
1,0.0,0.0,0.0,0.1,0.2816666666666666,naics,314,6,1,0,0
1,0.0,0.0,0.0,0.6,0.0,naics,315,9,1,1,1
0,0.0,0.0,0.0,0.4,0.06,naics,316,3,0,1,0
0,-0.999999999998,0.0,0.5,0.2,0.4,naics,317,4,0,1,0
1,-0.9999999999933333,0.0,0.15,0.6,0.36,naics,318,10,1,0,0
0,0.0,0.0,0.0,0.6,0.0,naics,319,3,0,0,1
1,0.0,0.0,0.0,0.8,0.0,naics,320,10,1,1,1
0,0.0,0.0,0.0,0.5,0.0,naics,321,2,0,1,0
1,0.0,0.0,0.0,0.5,0.15,naics,322,3,1,0,0
1,0.0,0.0,0.0,0.4,0.24,naics,323,4,1,0,0
1,0.0,0.0,0.0,0.5,0.0,naics,324,6,1,0,0
0,0.0,0.15,0.15,0.5,0.31,naics,325,6,0,0,1
1,0.0,0.0,0.0,0.6,0.03,naics,326,7,1,0,0
0,-0.42857142857112246,0.4,1.0,0.7,0.805,naics,327,8,0,0,1
1,0.0,0.0,0.0,0.5,0.075,naics,328,8,1,1,1
1,0.0,0.0,0.0,0.9,0.0,naics,329,4,1,0,0
0,0.0,0.0,0.0,0.7,0.0,naics,330,1,0,1,0
1,0.0,0.0,0.0,0.8,0.0,naics,331,9,1,0,0
1,-0.9999999999966668,0.0,0.3,0.7,0.16499999999999998,naics,332,6,1,0,0
1,0.0,0.0,0.0,0.8,0.0,naics,333,2,1,0,0
1,0.0,0.0,0.0,0.6,0.0,naics,334,7,1,1,1
0,0.9999999999933333,0.15,0.0,0.5,0.13499999999999998,naics,335,4,0,0,1
1,0.0,0.0,0.0,0.5,0.0,naics,336,1,1,1,1
1,0.0,0.0,0.0,1.0,0.0,naics,337,2,1,1,1
1,0.0,0.0,0.0,0.4,0.03,naics,338,4,1,0,0
1,0.0,0.0,0.0,0.6,0.0,naics,339,1,1,1,1
0,0.0,0.0,0.0,0.6,0.06,naics,340,4,0,1,0
0,0.0,0.4,0.4,0.5,0.41,naics,341,9,0,0,1
1,0.0,0.0,0.0,0.9,0.0,naics,342,1,1,1,1
1,0.0,0.0,0.0,0.5,0.165,naics,343,8,1,1,1
0,0.0,0.0,0.0,0.6,0.0,naics,344,6,0,0,1
0,0.0,0.15,0.15,0.6,0.16499999999999998,naics,345,10,0,1,0
1,0.0,0.0,0.0,1.0,0.0,naics,346,1,1,1,1
1,0.0,0.0,0.0,0.7,0.0,naics,347,5,1,1,1
0,0.0,0.0,0.0,0.4,0.06,naics,348,9,0,1,0
0,0.0,0.0,0.0,0.9,0.0,naics,349,8,0,0,1
1,0.0,0.0,0.0,0.8,0.015,naics,350,3,1,1,1
0,0.0,0.0,0.0,0.6,0.0,naics,351,10,0,0,1
1,0.0,0.0,0.0,0.5,0.0,naics,352,4,1,0,0
1,0.0,0.0,0.0,0.6,0.0,naics,353,4,1,1,1
1,0.0,0.0,0.0,0.3,0.0,naics,354,4,1,1,1
0,0.0,0.0,0.0,0.2,0.0,naics,355,10,0,1,0
0,0.0,0.4,0.4,0.7,0.38,naics,356,4,0,0,1
1,0.0,0.0,0.0,0.6,0.0,naics,357,5,1,1,1
1,0.0,0.0,0.0,0.5,0.0,naics,358,3,1,1,1
0,0.0,0.0,0.0,0.7,0.0,naics,359,5,0,1,0
1,0.0,0.0,0.0,0.6,0.0,naics,360,8,1,1,1
0,0.0,0.0,0.0,0.7,0.0,naics,361,5,0,0,1
0,0.0,0.0,0.0,0.5,0.0,naics,362,9,0,1,0
0,0.0,0.0,0.0,0.7,0.165,naics,363,3,0,0,1
1,0.0,0.0,0.0,0.7,0.0,naics,364,4,1,1,1
1,0.0,0.0,0.0,0.3,0.0,naics,365,9,1,0,0
1,0.0,0.0,0.0,0.5,0.0,naics,366,5,1,0,0
1,0.0,0.0,0.0,0.3,0.0,naics,367,10,1,1,1
0,0.0,0.0,0.0,0.6,0.0,naics,368,2,0,1,0
0,0.0,0.0,0.0,0.4,0.0,naics,369,2,0,1,0
1,0.0,0.0,0.0,0.8,0.0,naics,370,9,1,1,1
1,0.0,0.0,0.0,0.5,0.12,naics,372,6,1,0,0
0,0.0,0.0,0.0,0.5,0.015,naics,373,9,0,0,1
0,-0.9999999999933333,0.0,0.15,0.8,0.18,naics,374,2,0,0,1
0,0.0,0.0,0.0,0.3,0.03,naics,375,4,0,1,0
0,0.0,0.0,0.0,0.9,0.0,naics,376,10,0,0,1
1,0.0,0.0,0.0,0.5,0.0,naics,377,10,1,0,0
0,0.9999999999933333,0.15,0.0,0.6,0.20500000000000002,naics,378,4,0,0,1
1,0.0,0.0,0.0,0.8,0.0,naics,379,4,1,1,1
1,0.0,0.0,0.0,0.1,0.0,naics,380,6,1,0,0
1,0.0,0.0,0.0,0.7,0.045,naics,381,9,1,1,1
1,0.0,0.0,0.0,0.7,0.03,naics,382,1,1,0,0
1,0.0,0.0,0.0,0.4,0.0,naics,383,4,1,0,0
1,0.0,0.0,0.0,0.2,0.0,naics,384,6,1,0,0
0,0.0,0.0,0.0,0.8,0.0,naics,385,10,0,0,1
1,0.0,0.0,0.0,0.9,0.0,naics,386,1,1,1,1
1,0.0,0.0,0.0,0.3,0.0,naics,387,8,1,1,1
1,0.0,0.0,0.0,0.9,0.0,naics,388,4,1,1,1
0,0.9999999999966668,0.3,0.0,0.7,0.24,naics,389,1,0,0,1
1,0.0,0.0,0.0,0.5,0.0,naics,390,5,1,0,0
1,0.0,0.0,0.0,0.5,0.0,naics,391,10,1,0,0
0,0.0,0.0,0.0,0.3,0.0,naics,392,10,0,1,0
1,0.0,0.0,0.0,0.8,0.0,naics,393,8,1,1,1
1,0.0,0.0,0.0,0.5,0.045,naics,394,10,1,1,1
1,0.0,0.0,0.0,0.6,0.0,naics,395,10,1,1,1
0,0.0,0.0,0.0,0.0,0.0,naics,396,5,0,0,1
1,0.0,0.0,0.0,0.7,0.0,naics,397,7,1,0,0
1,0.0,0.0,0.0,0.3,0.10500000000000001,naics,399,7,1,0,0
1,0.0,0.0,0.0,0.5,0.29999999999999993,naics,400,4,1,1,1
0,0.0,0.0,0.0,0.7,0.0,naics,401,6,0,0,1
0,0.0,0.0,0.0,0.7,0.0,naics,402,6,0,0,1
0,0.0,0.0,0.0,0.5,0.0,naics,403,3,0,0,1
1,0.0,0.0,0.0,0.8,0.0,naics,404,9,1,1,1
1,0.0,0.0,0.0,0.5,0.0,naics,405,10,1,1,1
0,-0.9999999999975001,0.0,0.4,0.4,0.32,naics,406,3,0,0,1
1,0.0,0.0,0.0,0.7,0.0,naics,407,4,1,1,1
0,0.0,0.0,0.0,0.4,0.0,naics,408,6,0,1,0
1,0.0,0.0,0.0,0.4,0.0,naics,409,5,1,1,1
0,0.0,0.0,0.0,0.4,0.0,naics,410,5,0,1,0
1,0.0,0.0,0.0,0.7,0.015,naics,411,4,1,1,1
0,0.0,0.0,0.0,0.5,0.0,naics,412,1,0,0,1
0,0.0,0.0,0.0,0.6,0.09,naics,413,9,0,0,1
0,0.0,0.15,0.15,0.7,0.14999999999999997,naics,414,3,0,0,1
1,-0.9999999999933333,0.0,0.15,0.3,0.12,naics,415,5,1,0,0
1,0.0,0.0,0.0,0.6,0.0,naics,416,5,1,1,1
1,0.0,0.0,0.0,1.0,0.0,naics,417,2,1,1,1
0,0.0,0.0,0.0,0.6,0.0,naics,418,2,0,1,0
0,0.0,0.0,0.0,0.7,0.0,naics,419,1,0,0,1
0,0.0,0.0,0.0,0.8,0.03,naics,420,8,0,0,1
1,0.0,0.0,0.0,0.6,0.0,naics,421,6,1,1,1
0,0.0,0.0,0.0,0.4,0.03,naics,422,7,0,1,0
1,0.0,0.0,0.0,0.6,0.0,naics,423,4,1,1,1
0,0.0,0.0,0.0,0.7,0.0,naics,424,4,0,0,1
1,0.0,0.0,0.0,0.7,0.0,naics,425,6,1,0,0
1,0.0,0.0,0.0,0.3,0.21000000000000002,naics,426,9,1,0,0
0,0.0,0.0,0.0,0.6,0.27,naics,427,9,0,1,0
1,0.0,0.0,0.0,0.5,0.0,naics,428,7,1,1,1
0,0.0,0.0,0.0,0.7,0.0,naics,429,3,0,0,1
1,0.0,0.0,0.0,0.7,0.0,naics,430,6,1,1,1
1,-0.9999999999933333,0.0,0.15,0.7,0.09,naics,431,3,1,0,0
1,0.0,0.0,0.0,0.8,0.0,naics,432,3,1,1,1
1,0.0,0.0,0.0,0.8,0.0,naics,433,3,1,1,1
0,0.0,0.0,0.0,0.4,0.0,naics,434,2,0,1,0
0,0.0,0.0,0.0,0.8,0.0,naics,435,4,0,0,1
1,0.0,0.0,0.0,0.4,0.0,naics,436,5,1,1,1
1,0.0,0.0,0.0,0.8,0.0,naics,437,9,1,1,1
1,0.0,0.0,0.0,0.5,0.0,naics,438,5,1,1,1
0,-0.9999999999975001,0.0,0.4,0.8,0.26999999999999996,naics,439,10,0,1,0
0,0.0,0.0,0.0,0.3,0.0,naics,440,4,0,1,0
1,0.0,0.0,0.0,0.3,0.0,naics,441,7,1,0,0
1,0.0,0.0,0.0,0.5,0.0,naics,442,5,1,1,1
1,0.0,0.0,0.0,0.7,0.03,naics,443,4,1,1,1
1,0.0,0.0,0.0,0.0,0.0,naics,444,10,1,0,0
1,0.0,0.0,0.0,0.5,0.0,naics,445,2,1,1,1
1,0.0,0.0,0.0,0.1,0.0,naics,446,4,1,0,0
0,0.0,0.0,0.0,0.5,0.0,naics,447,4,0,1,0
0,0.0,0.0,0.0,0.7,0.0,naics,448,5,0,0,1
0,0.0,0.0,0.0,0.6,0.0,naics,449,8,0,0,1
0,-0.9999999999933333,0.0,0.15,0.6,0.19499999999999998,naics,450,3,0,0,1
0,0.0,0.0,0.0,0.7,0.03,naics,451,10,0,1,0
0,0.0,0.0,0.0,0.4,0.0,naics,452,2,0,1,0
1,0.0,0.0,0.0,0.4,0.0,naics,453,10,1,0,0
1,0.0,0.0,0.0,0.8,0.0,naics,454,3,1,1,1
1,0.0,0.0,0.0,0.5,0.03,naics,455,8,1,0,0
1,0.0,0.0,0.0,0.6,0.0,naics,456,8,1,1,1
1,0.0,0.0,0.0,0.9,0.0,naics,457,6,1,0,0
0,0.0,0.0,0.0,0.6,0.0,naics,458,9,0,0,1
1,0.0,0.0,0.0,0.6,0.0,naics,459,9,1,1,1
1,0.0,0.0,0.0,0.7,0.0,naics,460,3,1,0,0
0,0.0,0.0,0.0,0.3,0.03,naics,461,8,0,1,0
1,0.0,0.0,0.0,0.9,0.0,naics,462,3,1,1,1
0,0.0,0.0,0.0,0.8,0.0,naics,463,8,0,1,0
0,0.0,0.0,0.0,0.4,0.0,naics,464,4,0,0,1
0,-0.9999999999985001,0.0,0.6666666666666666,0.9,0.4866666666666667,naics,465,4,0,0,1
1,0.0,0.0,0.0,0.6,0.0,naics,467,8,1,1,1
0,0.0,0.0,0.0,0.4,0.0,naics,468,7,0,1,0
0,0.0,0.0,0.0,0.4,0.0,naics,469,3,0,1,0
1,0.0,0.0,0.0,0.7,0.0,naics,470,2,1,1,1
1,0.0,0.0,0.0,0.3,0.0,naics,471,8,1,0,0
1,0.0,0.0,0.0,0.6,0.0,naics,472,8,1,1,1
0,0.0,0.0,0.0,0.7,0.0,naics,473,1,0,1,0
0,0.0,0.0,0.0,0.1,0.0,naics,474,2,0,1,0
1,0.0,0.0,0.0,0.7,0.03,naics,475,4,1,1,1
0,0.0,0.0,0.0,0.3,0.0,naics,476,6,0,1,0
1,0.0,0.0,0.0,0.8,0.0,naics,477,2,1,1,1
1,0.0,0.0,0.0,0.5,0.075,naics,478,5,1,0,0
0,0.0,0.0,0.0,0.7,0.0,naics,479,8,0,0,1
1,0.0,0.0,0.0,0.9,0.0,naics,480,1,1,1,1
1,0.0,0.0,0.0,0.9,0.0,naics,481,1,1,1,1
0,-0.53846153846071,0.15,0.5,0.8,0.43,naics,482,8,0,0,1
0,-0.5999999999992,0.15,0.6,0.6,0.5399999999999999,naics,483,9,0,0,1
1,0.0,0.0,0.0,0.6,0.0,naics,484,10,1,0,0
1,0.0,0.0,0.0,0.7,0.0,naics,485,9,1,0,0
1,0.0,0.0,0.0,0.5,0.0,naics,486,1,1,1,1
0,0.0,0.0,0.0,0.6,0.03,naics,487,3,0,0,1
1,0.0,0.0,0.0,0.7,0.0,naics,488,9,1,1,1
0,0.0,0.0,0.0,0.4,0.0,naics,489,8,0,0,1
1,0.0,0.0,0.0,0.6,0.0,naics,490,9,1,0,0
0,0.0,0.0,0.0,0.2,0.0,naics,491,6,0,1,0
0,0.0,0.0,0.0,0.9,0.0,naics,492,6,0,0,1
1,0.0,0.0,0.0,0.5,0.10500000000000001,naics,493,4,1,0,0
1,0.0,0.0,0.0,0.6,0.0,naics,494,4,1,1,1
1,0.0,0.0,0.0,0.1,0.10500000000000001,naics,495,6,1,0,0
1,0.0,0.0,0.0,0.3,0.0,naics,496,5,1,0,0
1,0.0,0.0,0.0,0.5,0.265,naics,498,1,1,0,0
1,0.0,0.0,0.0,0.8,0.0,naics,499,4,1,1,1
1,0.0,0.0,0.0,0.4,0.0,naics,500,10,1,1,1
1,0.0,0.0,0.0,0.5,0.09,naics,501,3,1,1,1
1,0.9999999999933333,0.15,0.0,0.3,0.37,naics,502,7,1,0,0
1,0.0,0.0,0.0,0.8,0.0,naics,503,4,1,1,1
0,0.0,0.0,0.0,0.7,0.03,naics,504,2,0,1,0
0,0.0,0.0,0.0,0.5,0.0,naics,505,5,0,0,1
1,0.0,0.0,0.0,0.7,0.0,naics,506,3,1,1,1
0,0.0,0.0,0.0,0.6,0.0,naics,507,10,0,1,0
0,-0.9999999999966668,0.0,0.3,0.6,0.24,naics,508,3,0,0,1
0,0.0,0.0,0.0,0.6,0.0,naics,510,8,0,0,1
1,0.0,0.0,0.0,0.6,0.0,naics,511,3,1,1,1
0,0.0,0.0,0.0,0.6,0.0,naics,512,2,0,1,0
0,0.0,0.0,0.0,0.7,0.0,naics,513,4,0,0,1
0,0.0,0.0,0.0,0.5,0.0,naics,514,6,0,0,1
1,0.0,0.0,0.0,0.9,0.0,naics,515,6,1,1,1
1,0.9999999999933333,0.15,0.0,0.5,0.12,naics,516,5,1,0,0
0,0.0,0.0,0.0,0.5,0.0,naics,517,7,0,1,0
0,0.0,0.0,0.0,0.5,0.0,naics,518,6,0,0,1
1,0.0,0.0,0.0,0.4,0.0,naics,519,7,1,1,1
0,0.0,0.0,0.0,0.4,0.0,naics,520,6,0,0,1
1,0.0,0.0,0.0,0.3,0.06,naics,521,6,1,0,0
1,0.0,0.0,0.0,0.8,0.0,naics,522,10,1,1,1
0,0.0,0.0,0.0,0.5,0.0,naics,523,7,0,0,1
1,0.0,0.0,0.0,0.6,0.0,naics,524,3,1,0,0
0,0.0,0.0,0.0,0.4,0.0,naics,525,5,0,1,0
0,0.0,0.0,0.0,0.4,0.0,naics,526,8,0,1,0
1,0.0,0.0,0.0,0.3,0.0,naics,527,6,1,0,0
0,0.0,0.0,0.0,0.7,0.0,naics,528,9,0,0,1
0,0.0,0.0,0.0,0.4,0.015,naics,529,2,0,1,0
0,0.0,0.0,0.0,0.5,0.0,naics,530,3,0,0,1
1,0.9999999999933333,0.15,0.0,0.4,0.10500000000000001,naics,531,5,1,1,1
1,0.0,0.0,0.0,0.7,0.0,naics,532,1,1,1,1
1,0.0,0.0,0.0,0.3,0.075,naics,533,1,1,0,0
0,0.0,0.0,0.0,0.5,0.075,naics,534,1,0,1,0
0,-0.9999999999933333,0.0,0.15,0.6,0.32999999999999996,naics,536,5,0,0,1
1,0.0,0.0,0.0,0.3,0.0,naics,537,1,1,0,0
1,0.0,0.0,0.0,0.7,0.0,naics,538,3,1,0,0
1,0.0,0.0,0.0,0.3,0.0,naics,539,2,1,0,0
1,0.0,0.0,0.0,0.6,0.0,naics,540,8,1,1,1
0,0.0,0.0,0.0,0.3,0.0,naics,541,10,0,0,1
1,0.0,0.0,0.0,0.6,0.0,naics,542,8,1,1,1
1,0.0,0.0,0.0,0.6,0.0,naics,543,4,1,1,1
0,-0.9999999999933333,0.0,0.15,0.9,0.045,naics,544,9,0,0,1
0,0.0,0.0,0.0,0.4,0.0,naics,545,3,0,1,0
0,0.0,0.0,0.0,0.7,0.0,naics,546,10,0,0,1
0,0.0,0.0,0.0,0.7,0.015,naics,547,7,0,0,1
0,0.0,0.0,0.0,0.6,0.0,naics,548,1,0,0,1
1,0.0,0.0,0.0,0.8,0.0,naics,549,1,1,0,0
0,0.0,0.0,0.0,0.4,0.0,naics,550,2,0,1,0
1,0.0,0.0,0.0,0.1,0.0,naics,551,1,1,0,0
0,0.0,0.0,0.0,0.5,0.0,naics,552,5,0,1,0
0,0.0,0.0,0.0,0.3,0.39,naics,553,4,0,1,0
1,0.0,0.0,0.0,0.8,0.0,naics,554,4,1,1,1
0,0.0,0.0,0.0,0.6,0.15,naics,555,8,0,0,1
0,0.9999999999966668,0.3,0.0,0.4,0.20999999999999996,naics,556,1,0,0,1
0,0.0,0.0,0.0,0.2,0.0,naics,557,10,0,1,0
1,0.0,0.0,0.0,0.7,0.0,naics,558,1,1,1,1
1,-0.9999999999933333,0.0,0.15,0.9,0.13499999999999998,naics,559,6,1,0,0
1,0.0,0.3,0.3,0.4,0.26999999999999996,naics,560,8,1,0,0
0,0.0,0.0,0.0,0.5,0.0,naics,561,4,0,0,1
1,0.0,0.0,0.0,0.5,0.0,naics,562,10,1,0,0
1,0.0,0.0,0.0,0.7,0.0,naics,563,6,1,1,1
0,-0.999999999998,0.0,0.5,0.6,0.365,naics,564,5,0,1,0
0,0.0,0.0,0.0,0.8,0.0,naics,565,3,0,1,0
0,0.0,0.0,0.0,0.6,0.0,naics,566,3,0,1,0
0,0.0,0.0,0.0,0.6,0.0,naics,567,6,0,0,1
1,0.0,0.0,0.0,0.8,0.045,naics,568,8,1,0,0
1,-0.9999999999933333,0.0,0.15,0.7,0.225,naics,569,5,1,1,1
0,0.0,0.0,0.0,0.2,0.0,naics,570,4,0,1,0
0,0.0,0.0,0.0,0.7,0.045,naics,571,10,0,0,1
1,0.0,0.0,0.0,0.6,0.16999999999999998,naics,572,4,1,0,0
1,0.0,0.0,0.0,0.7,0.0,naics,573,1,1,1,1
0,0.0,0.0,0.0,0.6,0.0,naics,575,10,0,1,0
1,0.0,0.0,0.0,0.8,0.0,naics,576,5,1,1,1
1,0.0,0.0,0.0,0.6,0.0,naics,577,2,1,0,0
1,0.0,0.0,0.0,0.8,0.0,naics,578,1,1,0,0
1,0.0,0.0,0.0,0.5,0.0,naics,579,6,1,1,1
1,0.0,0.0,0.0,0.7,0.0,naics,580,6,1,1,1
1,0.0,0.0,0.0,0.7,0.0,naics,581,9,1,0,0
1,0.9999999999933333,0.15,0.0,0.5,0.18,naics,582,9,1,0,0
1,0.0,0.0,0.0,0.9,0.0,naics,583,3,1,1,1
0,-0.9999999999933333,0.0,0.15,0.8,0.06,naics,584,9,0,0,1
0,-0.9999999999933333,0.0,0.15,0.8,0.06,naics,585,3,0,0,1
0,-0.9999999999933333,0.0,0.15,0.8,0.06,naics,586,5,0,0,1
1,0.0,0.0,0.0,0.8,0.0,naics,587,3,1,1,1
1,0.0,0.0,0.0,0.3,0.0,naics,588,7,1,0,0
0,0.0,0.0,0.0,0.7,0.0,naics,589,5,0,0,1
0,0.0,0.0,0.0,0.2,0.0,naics,590,8,0,1,0
1,0.0,0.0,0.0,0.8,0.0,naics,591,5,1,1,1
1,0.0,0.0,0.0,0.7,0.03,naics,592,4,1,1,1
1,0.0,0.0,0.0,0.5,0.35,naics,593,5,1,0,0
0,-0.9999999999933333,0.0,0.15,0.8,0.06,naics,594,1,0,0,1
1,0.0,0.0,0.0,0.8,0.0,naics,595,9,1,1,1
0,0.0,0.0,0.0,0.4,0.0,naics,596,9,0,0,1
1,0.0,0.0,0.0,0.7,0.0,naics,597,6,1,0,0
1,0.0,0.0,0.0,0.5,0.0,naics,598,2,1,0,0
1,0.0,0.0,0.0,0.3,0.22000000000000003,naics,599,6,1,0,0
1,0.0,0.0,0.0,0.6,0.0,naics,600,3,1,1,1
1,0.0,0.0,0.0,0.6,0.0,naics,601,4,1,1,1
1,0.0,0.0,0.0,0.6,0.0,naics,602,6,1,0,0
0,0.0,0.0,0.0,0.6,0.0,naics,603,3,0,1,0
0,0.0,0.0,0.0,0.7,0.045,naics,604,5,0,1,0
0,0.0,0.0,0.0,0.4,0.12,naics,605,7,0,0,1
1,0.0,0.0,0.0,0.3,0.215,naics,606,5,1,1,1
1,0.0,0.0,0.0,0.6,0.0,naics,607,1,1,0,0
0,0.0,0.0,0.0,0.5,0.0,naics,608,6,0,1,0
1,0.0,0.0,0.0,0.5,0.0,naics,609,9,1,0,0
1,0.0,0.0,0.0,0.4,0.0,naics,610,2,1,1,1
0,0.0,0.0,0.0,0.7,0.06,naics,611,10,0,1,0
1,-0.9999999999933333,0.0,0.15,0.7,0.12,naics,612,8,1,1,1
1,0.0,0.0,0.0,0.7,0.03,naics,613,1,1,1,1
0,0.0,0.0,0.0,0.5,0.0,naics,614,4,0,1,0
1,0.0,0.0,0.0,0.8,0.0,naics,616,10,1,1,1
0,0.0,0.0,0.0,0.7,0.0,naics,617,7,0,0,1
0,0.0,0.0,0.0,0.7,0.0,naics,618,7,0,0,1
1,-0.9999999999966668,0.0,0.3,0.6,0.285,naics,619,6,1,0,0
0,0.0,0.0,0.0,0.2,0.0,naics,620,10,0,1,0
0,0.0,0.0,0.0,0.7,0.0,naics,621,3,0,0,1
0,0.0,0.0,0.0,0.7,0.0,naics,622,3,0,0,1
1,0.9999999999933333,0.15,0.0,0.5,0.15,naics,623,7,1,0,0
0,0.0,0.0,0.0,0.8,0.0,naics,624,5,0,0,1
0,-0.9999999999933333,0.0,0.15,0.6,0.315,naics,625,5,0,1,0
0,0.0,0.0,0.0,0.9,0.0,naics,626,7,0,0,1
1,0.0,0.0,0.0,0.4,0.0,naics,627,3,1,0,0
1,0.0,0.0,0.0,0.2,0.0,naics,628,4,1,0,0
0,0.0,0.0,0.0,0.3,0.0,naics,629,4,0,1,0
1,0.0,0.0,0.0,0.8,0.0,naics,630,3,1,0,0
1,0.0,0.0,0.0,0.6,0.0,naics,631,8,1,1,1
1,0.0,0.0,0.0,0.6,0.045,naics,632,4,1,1,1
1,0.0,0.0,0.0,0.6,0.0,naics,633,8,1,1,1
1,0.0,0.0,0.0,0.9,0.09,naics,634,3,1,0,0
0,0.0,0.0,0.0,0.6,0.03,naics,635,9,0,0,1
1,0.0,0.0,0.0,0.2,0.0,naics,636,9,1,0,0
0,0.0,0.0,0.0,0.6,0.0,naics,637,1,0,1,0
0,0.0,0.0,0.0,0.7,0.0,naics,638,1,0,1,0
0,0.0,0.0,0.0,0.7,0.0,naics,639,1,0,0,1
1,0.0,0.0,0.0,0.5,0.0,naics,640,10,1,0,0
0,0.0,0.0,0.0,0.6,0.03,naics,641,9,0,1,0
1,0.0,0.0,0.0,0.9,0.0,naics,642,9,1,1,1
1,0.0,0.3,0.3,0.1,0.5416666666666666,naics,643,2,1,0,0
0,0.0,0.0,0.0,0.5,0.19,naics,644,1,0,0,1
0,0.0,0.0,0.0,0.3,0.0,naics,645,10,0,1,0
1,0.0,0.0,0.0,0.4,0.0,naics,646,10,1,1,1
0,0.0,0.0,0.0,0.6,0.24,naics,647,5,0,0,1
1,0.0,0.0,0.0,0.6,0.16999999999999998,naics,648,6,1,0,0
1,0.0,0.0,0.0,0.8,0.0,naics,649,7,1,1,1
0,0.0,0.0,0.0,0.7,0.0,naics,650,5,0,1,0
0,0.0,0.0,0.0,0.5,0.0,naics,651,5,0,1,0
0,0.0,0.0,0.0,0.7,0.045,naics,652,2,0,1,0
1,0.0,0.0,0.0,0.7,0.0,naics,653,6,1,0,0
0,0.9999999999966668,0.3,0.0,0.8,0.26999999999999996,naics,654,3,0,0,1
1,0.0,0.0,0.0,0.7,0.0,naics,655,4,1,0,0
0,0.0,0.0,0.0,0.7,0.0,naics,656,8,0,0,1
1,0.0,0.0,0.0,0.9,0.0,naics,657,9,1,1,1
1,0.0,0.0,0.0,0.3,0.0,naics,660,1,1,0,0
0,0.0,0.0,0.0,0.7,0.0,naics,661,8,0,0,1
0,0.0,0.0,0.0,0.6,0.0,naics,662,4,0,0,1
0,0.0,0.0,0.0,0.2,0.0,naics,663,3,0,1,0
1,0.0,0.0,0.0,0.3,0.0,naics,664,2,1,0,0
0,0.0,0.0,0.0,0.4,0.03,naics,665,4,0,1,0
1,0.0,0.0,0.0,0.4,0.0,naics,666,8,1,0,0
1,0.0,0.0,0.0,0.3,0.0,naics,667,5,1,0,0
1,0.0,0.0,0.0,0.4,0.06,naics,668,4,1,0,0
0,0.0,0.0,0.0,0.3,0.0,naics,669,9,0,1,0
0,0.0,0.0,0.0,0.5,0.0,naics,670,9,0,0,1
0,0.0,0.0,0.0,0.8,0.03,naics,671,1,0,0,1
1,0.0,0.0,0.0,0.6,0.0,naics,672,6,1,0,0
0,-0.9999999999933333,0.0,0.15,0.8,0.045,naics,673,6,0,0,1
1,0.0,0.0,0.0,0.9,0.0,naics,674,5,1,1,1
0,0.0,0.0,0.0,0.8,0.06,naics,675,7,0,0,1
1,0.0,0.0,0.0,0.8,0.045,naics,676,8,1,0,0
1,0.0,0.0,0.0,0.5,0.0,naics,677,6,1,1,1
1,0.0,0.0,0.0,0.6,0.0,naics,678,4,1,1,1
0,-0.9999999999933333,0.0,0.15,0.7,0.44000000000000006,naics,679,4,0,0,1
0,0.0,0.0,0.0,0.7,0.03,naics,680,2,0,0,1
0,0.0,0.0,0.0,0.6,0.0,naics,681,3,0,0,1
0,0.0,0.0,0.0,0.5,0.0,naics,682,3,0,0,1
1,0.9999999999933333,0.15,0.0,0.4,0.165,naics,683,6,1,0,0
1,0.0,0.0,0.0,1.0,0.0,naics,684,10,1,1,1
0,0.0,0.0,0.0,0.6,0.045,naics,685,10,0,0,1
1,0.0,0.0,0.0,0.9,0.0,naics,686,6,1,1,1
0,0.0,0.0,0.0,0.5,0.0,naics,688,7,0,0,1
1,0.0,0.0,0.0,0.7,0.0,naics,689,7,1,1,1
1,0.0,0.0,0.0,0.6,0.0,naics,690,8,1,1,1
1,0.0,0.0,0.0,0.6,0.0,naics,691,6,1,1,1
0,0.0,0.0,0.0,0.5,0.135,naics,692,6,0,1,0
1,0.0,0.0,0.0,0.6,0.03,naics,694,8,1,1,1
0,0.0,0.0,0.0,0.3,0.0,naics,695,8,0,1,0
1,0.0,0.0,0.0,0.7,0.075,naics,696,7,1,1,1
0,0.0,0.0,0.0,0.2,0.0,naics,697,1,0,0,1
1,0.0,0.0,0.0,0.9,0.0,naics,698,2,1,1,1
1,0.0,0.0,0.0,0.5,0.06,naics,699,3,1,1,1
0,0.0,0.15,0.15,0.6,0.15,naics,700,5,0,0,1
1,0.0,0.0,0.0,0.5,0.0,naics,701,10,1,1,1
0,0.0,0.0,0.0,0.5,0.0,naics,702,6,0,0,1
0,0.0,0.0,0.0,0.5,0.075,naics,703,6,0,0,1
1,0.0,0.0,0.0,0.7,0.0,naics,704,9,1,1,1
0,0.0,0.0,0.0,0.6,0.0,naics,705,1,0,0,1
1,0.0,0.0,0.0,0.5,0.0,naics,706,3,1,0,0
0,0.0,0.0,0.0,1.0,0.0,naics,707,4,0,0,1
1,0.0,0.0,0.0,0.7,0.0,naics,708,1,1,0,0
0,0.0,0.0,0.0,0.8,0.0,naics,709,2,0,0,1
0,0.0,0.0,0.0,0.5,0.0,naics,710,4,0,1,0
1,0.0,0.0,0.0,0.6,0.0,naics,711,2,1,0,0
0,0.0,0.0,0.0,0.8,0.0,naics,712,6,0,0,1
1,0.9999999999966668,0.3,0.0,0.2,0.26999999999999996,naics,713,3,1,0,0
0,0.0,0.0,0.0,0.7,0.0,naics,714,7,0,0,1
1,0.0,0.0,0.0,0.6,0.015,naics,715,5,1,0,0
0,0.0,0.0,0.0,0.5,0.0,naics,716,3,0,1,0
1,0.0,0.0,0.0,0.4,0.0,naics,717,4,1,0,0
0,0.0,0.0,0.0,0.5,0.0,naics,718,7,0,0,1
1,0.0,0.0,0.0,0.7,0.03,naics,719,6,1,0,0
0,0.0,0.0,0.0,0.4,0.03,naics,720,10,0,1,0
0,0.0,0.0,0.0,0.4,0.045,naics,721,1,0,1,0
0,0.0,0.0,0.0,0.6,0.0,naics,722,1,0,1,0
1,0.0,0.0,0.0,0.7,0.0,naics,723,4,1,0,0
0,0.0,0.0,0.0,0.3,0.0,naics,724,6,0,0,1
0,0.0,0.0,0.0,0.7,0.0,naics,725,5,0,0,1
1,0.0,0.0,0.0,0.5,0.19,naics,726,1,1,0,0
0,0.0,0.0,0.0,0.6,0.0,naics,727,8,0,0,1
0,0.0,0.0,0.0,0.5,0.0,naics,728,1,0,0,1
1,0.0,0.0,0.0,0.5,0.0,naics,729,7,1,0,0
0,0.0,0.0,0.0,0.5,0.0,naics,731,3,0,0,1
1,0.0,0.0,0.0,0.3,0.0,naics,732,2,1,0,0
0,0.0,0.0,0.0,0.8,0.12,naics,733,3,0,1,0
0,0.0,0.0,0.0,0.3,0.0,naics,735,9,0,1,0
1,0.0,0.0,0.0,0.4,0.015,naics,736,6,1,0,0
0,0.0,0.0,0.0,0.6,0.015,naics,737,9,0,0,1
1,0.0,0.0,0.0,0.5,0.0,naics,739,3,1,1,1
1,0.0,0.0,0.0,0.4,0.015,naics,740,5,1,0,0
1,0.0,0.0,0.0,0.5,0.0,naics,741,7,1,0,0
0,0.0,0.0,0.0,0.2,0.12,naics,742,10,0,1,0
0,0.0,0.0,0.0,0.4,0.0,naics,743,5,0,0,1
0,0.0,0.0,0.0,0.5,0.0,naics,744,9,0,0,1
1,0.9999999999933333,0.15,0.0,0.8,0.10500000000000001,naics,745,6,1,1,1
1,0.0,0.0,0.0,0.5,0.0,naics,746,9,1,0,0
1,0.0,0.0,0.0,0.7,0.0,naics,747,1,1,1,1
1,0.0,0.0,0.0,0.3,0.06,naics,748,8,1,0,0
1,0.0,0.0,0.0,0.2,0.0,naics,749,4,1,0,0
1,0.0,0.0,0.0,0.6,0.0,naics,750,4,1,1,1
0,0.0,0.0,0.0,0.1,0.0,naics,751,1,0,1,0
0,-0.9999999999933333,0.0,0.15,1.0,0.12,naics,752,3,0,0,1
1,0.0,0.0,0.0,0.5,0.0,naics,753,9,1,0,0
1,0.0,0.0,0.0,0.5,0.0,naics,754,6,1,0,0
0,0.0,0.0,0.0,0.4,0.0,naics,755,4,0,1,0
0,0.9999999999933333,0.15,0.0,0.4,0.24499999999999997,naics,756,7,0,0,1
1,0.0,0.0,0.0,0.3,0.24,naics,757,7,1,0,0
1,0.0,0.0,0.0,0.4,0.015,naics,758,10,1,0,0
0,0.0,0.0,0.0,0.4,0.0,naics,759,7,0,1,0
0,0.0,0.0,0.0,0.5,0.0,naics,760,9,0,1,0
1,-0.9999999999933333,0.0,0.15,0.8,0.12,naics,761,10,1,1,1
0,0.0,0.0,0.0,0.4,0.0,naics,762,8,0,0,1
0,0.0,0.0,0.0,0.4,0.0,naics,763,10,0,0,1
1,0.0,0.0,0.0,0.8,0.09,naics,764,5,1,0,0
0,0.0,0.0,0.0,0.8,0.045,naics,765,2,0,0,1
0,0.0,0.0,0.0,0.6,0.015,naics,766,2,0,0,1
0,0.0,0.0,0.0,0.4,0.0,naics,767,7,0,1,0
0,0.0,0.0,0.0,0.8,0.0,naics,768,5,0,0,1
0,0.0,0.0,0.0,0.3,0.0,naics,769,2,0,1,0
0,0.0,0.0,0.0,0.9,0.0,naics,770,4,0,0,1
1,0.0,0.0,0.0,0.5,0.275,naics,771,2,1,0,0
0,0.0,0.0,0.0,0.5,0.0,naics,772,1,0,0,1
0,0.0,0.0,0.0,0.6,0.0,naics,773,8,0,0,1
0,0.0,0.0,0.0,0.6,0.0,naics,774,6,0,1,0
0,0.0,0.0,0.0,0.4,0.0,naics,775,2,0,0,1
1,0.0,0.0,0.0,0.7,0.0,naics,776,2,1,1,1
1,0.0,0.0,0.0,0.6,0.03,naics,777,5,1,0,0
0,0.0,0.0,0.0,0.2,0.0,naics,778,4,0,0,1
1,0.0,0.0,0.0,0.3,0.06,naics,780,5,1,1,1
0,0.0,0.0,0.0,0.9,0.03,naics,781,7,0,0,1
0,0.0,0.0,0.0,0.4,0.0,naics,783,5,0,0,1
1,0.0,0.0,0.0,0.4,0.0,naics,784,7,1,0,0
1,0.0,0.0,0.0,0.7,0.0,naics,785,10,1,1,1
1,0.0,0.0,0.0,0.5,0.0,naics,786,1,1,0,0
1,0.0,0.0,0.0,0.6,0.0,naics,787,10,1,1,1
1,0.0,0.0,0.0,0.7,0.0,naics,788,2,1,1,1
0,0.0,0.0,0.0,0.5,0.0,naics,789,4,0,0,1
0,0.0,0.0,0.0,0.3,0.0,naics,790,1,0,1,0
1,0.0,0.0,0.0,0.6,0.0,naics,791,4,1,1,1
1,0.0,0.0,0.0,0.8,0.015,naics,792,3,1,1,1
1,0.0,0.0,0.0,0.9,0.0,naics,793,10,1,1,1
0,0.0,0.0,0.0,0.5,0.0,naics,794,7,0,1,0
1,0.0,0.0,0.0,0.6,0.0,naics,795,1,1,1,1
0,0.0,0.0,0.0,0.7,0.0,naics,796,4,0,0,1
1,0.0,0.0,0.0,0.9,0.0,naics,797,3,1,1,1
1,0.0,0.0,0.0,0.4,0.0,naics,798,2,1,0,0
0,0.0,0.0,0.0,0.1,0.0,naics,799,8,0,1,0
1,0.9999999999933333,0.15,0.0,0.4,0.12,naics,800,3,1,0,0
1,0.0,0.0,0.0,0.5,0.045,naics,801,5,1,0,0
0,0.0,0.0,0.0,0.4,0.0,naics,802,9,0,1,0
0,0.0,0.0,0.0,0.2,0.0,naics,803,7,0,0,1
0,0.0,0.0,0.0,0.2,0.045,naics,804,7,0,0,1
1,0.9999999999933333,0.15,0.0,0.4,0.12,naics,805,4,1,0,0
1,0.0,0.0,0.0,0.8,0.0,naics,806,2,1,1,1
0,0.0,0.0,0.0,0.5,0.0,naics,807,7,0,0,1
0,0.0,0.0,0.0,0.6,0.0,naics,808,9,0,1,0
1,0.0,0.0,0.0,0.6,0.09,naics,809,7,1,0,0
0,0.0,0.0,0.0,0.4,0.075,naics,810,4,0,1,0
0,0.0,0.0,0.0,0.6,0.18,naics,811,4,0,0,1
1,0.0,0.0,0.0,0.7,0.0,naics,812,6,1,1,1
1,0.0,0.0,0.0,0.7,0.075,naics,813,7,1,0,0
0,0.0,0.0,0.0,0.2,0.0,naics,814,4,0,1,0
0,0.0,0.0,0.0,0.1,0.0,naics,815,1,0,1,0
1,0.0,0.0,0.0,0.2,0.0,naics,816,2,1,0,0
0,0.0,0.0,0.0,0.5,0.0,naics,817,5,0,1,0
0,0.9999999999933333,0.15,0.0,0.5,0.16499999999999998,naics,818,2,0,0,1
0,0.0,0.0,0.0,0.3,0.0,naics,819,9,0,1,0
1,0.0,0.0,0.0,0.4,0.0,naics,820,5,1,0,0
0,0.0,0.0,0.0,0.5,0.0,naics,821,5,0,1,0
0,0.0,0.0,0.0,0.7,0.135,naics,822,6,0,0,1
1,0.0,0.0,0.0,0.7,0.0,naics,823,2,1,1,1
0,0.0,0.0,0.0,0.5,0.0,naics,824,3,0,0,1
1,0.0,0.0,0.0,0.5,0.0,naics,825,1,1,0,0
1,-0.9999999999981819,0.0,0.55,0.9,0.4800000000000001,naics,826,6,1,0,0
1,-0.9999999999981819,0.0,0.55,0.9,0.4800000000000001,naics,827,2,1,0,0
0,0.0,0.0,0.0,0.7,0.0,naics,828,4,0,1,0
1,0.0,0.0,0.0,0.6,0.0,naics,830,5,1,0,0
1,0.0,0.0,0.0,0.7,0.03,naics,831,10,1,1,1
0,0.0,0.0,0.0,0.5,0.35,naics,833,10,0,0,1
0,0.0,0.0,0.0,0.1,0.0,naics,834,9,0,1,0
0,0.0,0.0,0.0,0.6,0.015,naics,835,6,0,0,1
0,0.0,0.0,0.0,0.3,0.0,naics,836,3,0,1,0
1,0.0,0.0,0.0,0.3,0.0,naics,837,6,1,0,0
0,0.0,0.5,0.5,0.6,0.45,naics,838,6,0,0,1
0,0.0,0.0,0.0,0.7,0.0,naics,839,4,0,0,1
0,0.0,0.0,0.0,0.7,0.045,naics,840,1,0,1,0
1,0.0,0.0,0.0,0.7,0.0,naics,841,2,1,1,1
0,0.0,0.0,0.0,0.9,0.03,naics,843,1,0,0,1
1,0.0,0.0,0.0,0.7,0.0,naics,844,6,1,1,1
1,0.0,0.0,0.0,0.5,0.0,naics,845,2,1,0,0
0,0.0,0.0,0.0,0.6,0.0,naics,847,2,0,1,0
1,0.0,0.0,0.0,0.5,0.0,naics,848,2,1,1,1
1,0.0,0.0,0.0,0.6,0.195,naics,849,1,1,0,0
0,0.0,0.0,0.0,0.8,0.0,naics,850,10,0,0,1
0,0.0,0.0,0.0,0.5,0.0,naics,851,6,0,1,0
1,0.0,0.0,0.0,0.4,0.03,naics,852,8,1,0,0
0,0.0,0.0,0.0,0.4,0.03,naics,853,8,0,1,0
1,0.0,0.0,0.0,0.9,0.0,naics,854,6,1,1,1
1,0.0,0.0,0.0,0.2,0.18,naics,855,7,1,0,0
0,0.0,0.0,0.0,0.5,0.0,naics,856,1,0,1,0
0,0.0,0.0,0.0,0.1,0.0,naics,857,2,0,1,0
1,0.0,0.0,0.0,0.6,0.0,naics,858,1,1,1,1
0,-0.9999999999933333,0.0,0.15,0.8,0.135,naics,859,5,0,0,1
1,0.0,0.0,0.0,0.6,0.0,naics,860,10,1,0,0
0,0.0,0.0,0.0,0.7,0.0,naics,862,4,0,0,1
0,0.0,0.0,0.0,0.7,0.03,naics,863,5,0,0,1
0,0.0,0.0,0.0,0.3,0.0,naics,864,7,0,0,1
0,0.0,0.15,0.15,0.3,0.16499999999999998,naics,865,1,0,0,1
1,0.0,0.0,0.0,0.4,0.0,naics,866,6,1,0,0
1,0.0,0.0,0.0,0.9,0.0,naics,867,3,1,1,1
0,0.0,0.0,0.0,0.5,0.06,naics,868,10,0,1,0
1,0.0,0.0,0.0,0.5,0.03,naics,869,2,1,0,0
0,0.0,0.0,0.0,0.4,0.0,naics,870,6,0,0,1
0,0.0,0.0,0.0,0.6,0.0,naics,871,4,0,0,1
0,0.0,0.0,0.0,0.6,0.0,naics,872,9,0,0,1
1,0.0,0.0,0.0,0.4,0.0,naics,873,9,1,0,0
1,0.0,0.0,0.0,0.6,0.0,naics,874,3,1,0,0
1,0.0,0.0,0.0,0.4,0.0,naics,875,3,1,0,0
1,0.0,0.0,0.0,0.4,0.0,naics,876,3,1,0,0
1,0.0,0.0,0.0,0.4,0.0,naics,877,10,1,0,0
0,0.0,0.0,0.0,0.6,0.0,naics,878,5,0,0,1
1,0.0,0.0,0.0,0.4,0.0,naics,879,2,1,0,0
1,0.0,0.0,0.0,0.4,0.0,naics,880,10,1,0,0
0,0.0,0.0,0.0,0.6,0.0,naics,881,2,0,0,1
1,0.0,0.0,0.0,0.6,0.0,naics,882,10,1,0,0
1,0.9999999999933333,0.15,0.0,0.4,0.075,naics,883,7,1,1,1
0,0.0,0.0,0.0,0.4,0.0,naics,884,6,0,0,1
1,0.0,0.0,0.0,0.4,0.0,naics,885,5,1,0,0
1,0.0,0.0,0.0,0.6,0.0,naics,886,2,1,0,0
0,0.0,0.0,0.0,0.6,0.0,naics,887,6,0,0,1
0,0.0,0.0,0.0,0.5,0.0,naics,888,2,0,0,1
0,0.0,0.0,0.0,0.4,0.0,naics,889,4,0,0,1
1,0.0,0.0,0.0,0.4,0.0,naics,890,1,1,0,0
0,0.4545454545446281,0.4,0.15,0.4,0.40499999999999997,naics,891,2,0,0,1
1,0.0,0.0,0.0,0.5,0.0,naics,892,8,1,1,1
1,0.0,0.0,0.0,0.8,0.0,naics,893,2,1,1,1
0,0.0,0.0,0.0,0.6,0.24,naics,894,3,0,0,1
0,-0.53846153846071,0.15,0.5,0.6,0.45999999999999996,naics,895,6,0,0,1
1,0.0,0.0,0.0,0.6,0.0,naics,896,7,1,1,1
1,0.0,0.0,0.0,0.8,0.0,naics,897,1,1,1,1
1,0.0,0.0,0.0,0.7,0.0,naics,898,9,1,1,1
1,0.0,0.0,0.0,0.8,0.0,naics,900,5,1,1,1
1,0.0,0.0,0.0,1.0,0.0,naics,901,6,1,0,0
0,0.0,0.0,0.0,0.2,0.0,naics,902,4,0,1,0
1,0.0,0.0,0.0,0.7,0.015,naics,903,9,1,1,1
0,0.0,0.0,0.0,0.7,0.0,naics,904,5,0,0,1
0,0.0,0.0,0.0,0.5,0.0,naics,905,1,0,1,0
0,0.0,0.0,0.0,0.4,0.0,naics,906,4,0,1,0
0,0.0,0.6666666666666666,0.6666666666666666,0.8,0.6,naics,907,6,0,0,1
1,0.0,0.0,0.0,0.8,0.0,naics,908,5,1,1,1
0,0.0,0.0,0.0,0.5,0.0,naics,909,8,0,0,1
1,0.0,0.0,0.0,0.5,0.0,naics,910,1,1,1,1
1,0.0,0.0,0.0,0.4,0.0,naics,911,6,1,0,0
0,0.0,0.0,0.0,0.7,0.0,naics,912,8,0,0,1
1,0.0,0.0,0.0,0.4,0.0,naics,913,5,1,1,1
0,0.0,0.0,0.0,0.3,0.0,naics,915,3,0,1,0
1,0.0,0.0,0.0,0.6,0.03,naics,916,10,1,0,0
0,0.0,0.0,0.0,0.7,0.0,naics,917,10,0,1,0
1,0.0,0.0,0.0,0.1,0.0,naics,918,7,1,0,0
1,0.0,0.0,0.0,0.8,0.0,naics,919,8,1,0,0
0,0.0,0.0,0.0,0.7,0.0,naics,921,2,0,0,1
0,0.0,0.0,0.0,0.7,0.015,naics,922,6,0,0,1
0,0.0,0.0,0.0,0.7,0.0,naics,923,9,0,0,1
0,0.0,0.0,0.0,0.7,0.0,naics,924,10,0,0,1
0,0.0,0.0,0.0,0.5,0.0,naics,925,5,0,1,0
1,0.0,0.0,0.0,0.5,0.0,naics,926,10,1,0,0
1,0.0,0.0,0.0,0.5,0.0,naics,927,4,1,1,1
0,0.0,0.0,0.0,0.6,0.03,naics,928,4,0,0,1
0,0.0,0.0,0.0,0.3,0.0,naics,929,8,0,1,0
0,0.0,0.0,0.0,0.5,0.0,naics,930,5,0,1,0
0,0.0,0.0,0.0,0.7,0.0,naics,931,10,0,1,0
0,0.0,0.0,0.0,0.7,0.0,naics,932,7,0,0,1
0,0.0,0.0,0.0,0.4,0.045,naics,933,8,0,1,0
0,0.0,0.0,0.0,0.3,0.165,naics,934,9,0,0,1
0,0.0,0.0,0.0,0.7,0.0,naics,935,1,0,0,1
0,0.0,0.0,0.0,0.8,0.0,naics,936,1,0,1,0
1,0.0,0.0,0.0,0.3,0.0,naics,938,1,1,0,0
0,0.0,0.0,0.0,0.6,0.015,naics,939,1,0,0,1
0,0.0,0.7,0.7,0.8,0.7816666666666666,naics,940,9,0,0,1
1,0.0,0.0,0.0,0.7,0.0,naics,941,4,1,0,0
0,0.0,0.0,0.0,0.2,0.0,naics,942,8,0,1,0
0,0.0,0.0,0.0,0.5,0.0,naics,943,9,0,0,1
1,0.0,0.0,0.0,0.5,0.0,naics,944,6,1,0,0
0,-0.9999999999933333,0.0,0.15,0.7,0.165,naics,945,8,0,0,1
0,0.9999999999933333,0.15,0.0,0.8,0.15,naics,946,8,0,0,1
1,0.0,0.0,0.0,0.3,0.0,naics,947,10,1,0,0
0,0.0,0.0,0.0,0.6,0.0,naics,948,1,0,1,0
0,0.0,0.0,0.0,0.7,0.015,naics,949,3,0,0,1
0,0.0,0.0,0.0,0.9,0.24666666666666667,naics,950,6,0,0,1
0,-0.999999999998,0.0,0.5,0.7,0.375,naics,952,3,0,0,1
0,0.0,0.0,0.0,0.8,0.18,naics,953,3,0,0,1
1,0.1428571428570204,0.6666666666666666,0.5,0.2,0.5833333333333334,naics,955,8,1,0,0
1,0.0,0.0,0.0,0.6,0.015,naics,956,10,1,1,1
1,0.0,0.0,0.0,0.6,0.0,naics,957,3,1,1,1
1,0.0,0.0,0.0,0.6,0.0,naics,958,6,1,0,0
1,0.0,0.0,0.0,0.9,0.0,naics,959,8,1,1,1
1,0.0,0.0,0.0,0.5,0.0,naics,961,7,1,1,1
0,0.0,0.0,0.0,0.3,0.0,naics,962,5,0,0,1
0,0.0,0.0,0.0,0.3,0.075,naics,963,9,0,0,1
1,0.0,0.0,0.0,0.8,0.0,naics,964,5,1,1,1
1,0.0,0.0,0.0,0.7,0.09,naics,965,4,1,0,0
0,0.0,0.0,0.0,0.8,0.0,naics,967,8,0,0,1
1,0.0,0.0,0.0,0.6,0.09,naics,968,6,1,1,1
1,0.0,0.0,0.0,0.5,0.0,naics,969,10,1,1,1
0,0.0,0.0,0.0,0.5,0.0,naics,970,10,0,0,1
1,0.0,0.0,0.0,0.5,0.0,naics,971,1,1,1,1
0,-0.2499999999996875,0.3,0.5,0.7,0.47000000000000003,naics,972,2,0,0,1
1,0.9999999999933333,0.15,0.0,0.7,0.185,naics,973,8,1,1,1
0,0.0,0.0,0.0,0.9,0.0,naics,974,8,0,0,1
1,0.09090909090903583,0.9,0.75,0.4,0.7900000000000001,naics,977,6,1,0,0
0,0.9999999999933333,0.15,0.0,0.4,0.10500000000000001,naics,978,4,0,0,1
0,0.0,0.0,0.0,0.6,0.075,naics,979,3,0,0,1
0,-0.9999999999933333,0.0,0.15,0.8,0.09,naics,980,4,0,1,0
0,0.0,0.0,0.0,0.6,0.045,naics,981,7,0,0,1
0,0.0,0.0,0.0,0.6,0.15,naics,982,9,0,0,1
0,0.0,0.0,0.0,0.7,0.0,naics,983,6,0,0,1
0,0.0,0.0,0.0,0.5,0.0,naics,984,8,0,0,1
0,0.0,0.0,0.0,0.4,0.0,naics,985,1,0,1,0
0,0.0,0.0,0.0,0.3,0.0,naics,986,10,0,0,1
0,0.0,0.0,0.0,0.8,0.0,naics,987,3,0,0,1
0,0.0,0.0,0.0,0.5,0.0,naics,988,1,0,0,1
0,0.0,0.0,0.0,0.5,0.0,naics,989,3,0,0,1
0,0.0,0.0,0.0,0.6,0.0,naics,990,8,0,0,1
1,0.0,0.0,0.0,0.6,0.0,naics,991,6,1,0,0
0,-0.9999999999933333,0.0,0.15,0.8,0.06,naics,992,8,0,0,1
0,0.0,0.0,0.0,0.7,0.0,naics,993,4,0,0,1
0,0.0,0.0,0.0,0.8,0.0,naics,994,1,0,0,1
0,0.0,0.0,0.0,0.7,0.0,naics,995,7,0,0,1
1,0.0,0.0,0.0,0.4,0.0,naics,996,5,1,0,0
0,0.0,0.0,0.0,0.7,0.10500000000000001,naics,997,6,0,0,1
1,0.0,0.0,0.0,0.4,0.03,naics,998,4,1,0,0
1,0.0,0.0,0.0,0.4,0.0,naics,999,1,1,1,1
0,0.0,0.0,0.0,0.6,0.165,naics,1000,9,0,1,0
0,0.0,0.0,0.0,0.5,0.0,naics,1001,4,0,1,0
1,-0.6666666666659259,0.15,0.75,0.6,0.63,naics,1002,1,1,0,0
0,0.0,0.0,0.0,0.4,0.0,naics,1003,10,0,0,1
1,-0.14285714285693885,0.3,0.4,0.5,0.38,naics,1004,5,1,0,0
1,0.0,0.0,0.0,0.7,0.0,naics,1005,3,1,1,1
0,0.0,0.0,0.0,0.6,0.0,naics,1006,10,0,1,0
1,0.0,0.15,0.15,0.7,0.21000000000000002,naics,1007,3,1,1,1
1,0.0,0.0,0.0,0.8,0.0,naics,1008,4,1,0,0
1,0.0,0.0,0.0,0.8,0.0,naics,1009,4,1,0,0
0,0.0,0.0,0.0,0.8,0.045,naics,1010,10,0,0,1
0,-0.6249999999992187,0.15,0.65,0.5,0.5900000000000001,naics,1011,8,0,0,1
1,0.0,0.0,0.0,0.8,0.0,naics,1012,10,1,1,1
0,0.0,0.0,0.0,0.7,0.0,naics,1013,5,0,1,0
1,0.0,0.0,0.0,0.4,0.0,naics,1015,3,1,1,1
0,0.0,0.15,0.15,0.9,0.5050000000000001,naics,1016,6,0,0,1
0,0.0,0.0,0.0,0.4,0.0,naics,1017,8,0,0,1
0,-0.9999999999966668,0.0,0.3,0.5,0.34,naics,1018,7,0,0,1
0,0.0,0.0,0.0,0.6,0.0,naics,1019,10,0,0,1
0,0.0,0.0,0.0,0.8,0.0,naics,1020,2,0,0,1
0,0.0,0.0,0.0,0.9,0.24666666666666667,naics,1021,8,0,0,1
1,0.0,0.0,0.0,0.7,0.075,naics,1022,1,1,1,1
1,0.0,0.0,0.0,0.4,0.045,naics,1023,2,1,0,0
0,0.0,0.0,0.0,0.5,0.0,naics,1024,4,0,0,1
0,0.0,0.0,0.0,0.6,0.045,naics,1025,7,0,0,1
0,0.0,0.0,0.0,0.4,0.0,naics,1026,8,0,0,1
0,-0.9999999999966668,0.0,0.3,0.5,0.43666666666666665,naics,1027,5,0,0,1
0,-0.999999999998,0.0,0.5,0.8,0.38,naics,1028,10,0,0,1
0,0.0,0.0,0.0,0.4,0.0,naics,1029,5,0,1,0
0,0.0,0.0,0.0,0.5,0.0,naics,1030,8,0,0,1
1,0.9999999999933333,0.15,0.0,0.4,0.06,naics,1031,4,1,0,0
0,0.0,0.0,0.0,0.7,0.21000000000000002,naics,1032,5,0,0,1
1,0.0,0.0,0.0,0.7,0.075,naics,1033,6,1,0,0
1,0.0,0.0,0.0,0.5,0.0,naics,1034,7,1,1,1
1,0.0,0.0,0.0,0.4,0.0,naics,1035,3,1,1,1
1,0.0,0.0,0.0,0.7,0.0,naics,1036,7,1,1,1
1,0.0,0.0,0.0,0.6,0.0,naics,1037,8,1,1,1
1,0.0,0.0,0.0,0.8,0.045,naics,1038,7,1,0,0
0,0.0,0.0,0.0,0.6,0.0,naics,1040,2,0,0,1
1,0.0,0.0,0.0,0.7,0.0,naics,1041,7,1,1,1
1,0.0,0.0,0.0,0.6,0.0,naics,1042,5,1,0,0
1,0.0,0.0,0.0,0.5,0.0,naics,1043,9,1,1,1
1,0.0,0.0,0.0,0.6,0.0,naics,1044,5,1,1,1
0,0.0,0.0,0.0,0.5,0.0,naics,1045,5,0,1,0
0,-0.9999999999933333,0.0,0.15,0.6,0.10500000000000001,naics,1046,7,0,0,1
1,0.0,0.0,0.0,0.7,0.0,naics,1047,10,1,1,1
1,0.0,0.0,0.0,0.2,0.355,naics,1048,5,1,0,0
0,0.0,0.0,0.0,0.6,0.0,naics,1049,3,0,0,1
0,0.0,0.0,0.0,0.4,0.0,naics,1050,5,0,1,0
1,0.0,0.0,0.0,0.7,0.045,naics,1051,10,1,0,0
0,-0.999999999998,0.0,0.5,0.9,0.45,naics,1052,8,0,0,1
1,0.0,0.0,0.0,0.3,0.045,naics,1054,2,1,0,0
0,0.0,0.15,0.15,0.3,0.165,naics,1055,9,0,0,1
0,0.0,0.0,0.0,0.1,0.0,naics,1056,6,0,1,0
1,0.0,0.0,0.0,0.6,0.0,naics,1057,7,1,1,1
0,0.0,0.0,0.0,0.8,0.0,naics,1058,8,0,0,1
0,0.9999999999933333,0.15,0.0,0.7,0.13499999999999998,naics,1059,4,0,0,1
1,0.0,0.0,0.0,0.7,0.03,naics,1060,7,1,0,0
1,0.0,0.0,0.0,0.5,0.0,naics,1062,6,1,0,0
0,0.0,0.0,0.0,0.7,0.0,naics,1063,2,0,1,0
0,0.0,0.0,0.0,0.5,0.0,naics,1064,8,0,0,1
0,0.0,0.0,0.0,0.5,0.0,naics,1065,1,0,1,0
1,0.0,0.0,0.0,0.8,0.0,naics,1066,5,1,1,1
1,0.0,0.0,0.0,0.5,0.075,naics,1067,4,1,0,0
0,0.0,0.0,0.0,0.5,0.0,naics,1068,4,0,1,0
1,0.0,0.0,0.0,0.5,0.0,naics,1069,7,1,0,0
1,0.0,0.0,0.0,0.3,0.0,naics,1070,10,1,0,0
0,0.0,0.0,0.0,0.5,0.0,naics,1071,4,0,0,1
0,-0.9999999999933333,0.0,0.15,1.0,0.045,naics,1072,7,0,0,1
1,0.0,0.0,0.0,0.6,0.0,naics,1073,4,1,1,1
1,0.0,0.0,0.0,0.5,0.0,naics,1074,4,1,1,1
1,0.0,0.0,0.0,0.6,0.0,naics,1075,1,1,1,1
1,0.0,0.0,0.0,0.7,0.0,naics,1076,10,1,1,1
1,-0.9999999999966668,0.0,0.3,0.7,0.16499999999999998,naics,1077,5,1,0,0
1,0.0,0.0,0.0,0.7,0.0,naics,1078,6,1,1,1
1,0.0,0.0,0.0,0.4,0.0,naics,1080,2,1,1,1
1,0.0,0.0,0.0,0.2,0.0,naics,1081,5,1,0,0
0,0.0,0.0,0.0,0.3,0.045,naics,1082,3,0,0,1
1,0.0,0.0,0.0,0.7,0.03,naics,1083,1,1,1,1
0,0.0,0.0,0.0,0.5,0.0,naics,1084,4,0,0,1
1,0.0,0.0,0.0,0.8,0.0,naics,1085,10,1,1,1
1,0.9999999999933333,0.15,0.0,0.2,0.34500000000000003,naics,1086,9,1,0,0
1,0.0,0.0,0.0,0.4,0.03,naics,1087,7,1,1,1
0,0.0,0.0,0.0,0.3,0.0,naics,1088,8,0,1,0
0,0.0,0.0,0.0,0.9,0.03,naics,1089,5,0,0,1
1,0.0,0.0,0.0,0.7,0.0,naics,1090,7,1,1,1
0,0.0,0.0,0.0,0.5,0.0,naics,1091,3,0,0,1
1,0.0,0.0,0.0,0.3,0.0,naics,1092,1,1,1,1
1,0.0,0.0,0.0,0.8,0.0,naics,1093,4,1,1,1
1,0.0,0.0,0.0,0.8,0.0,naics,1094,10,1,0,0
0,-0.9999999999933333,0.0,0.15,0.6,0.13499999999999998,naics,1095,3,0,0,1
1,0.0,0.0,0.0,0.5,0.27999999999999997,naics,1096,1,1,1,1
1,0.0,0.0,0.0,0.6,0.0,naics,1098,2,1,1,1
1,0.0,0.0,0.0,0.8,0.0,naics,1099,5,1,0,0
1,0.0,0.0,0.0,0.2,0.075,naics,1100,8,1,0,0
0,0.0,0.0,0.0,0.6,0.0,naics,1102,6,0,0,1
0,0.0,0.0,0.0,0.5,0.0,naics,1103,6,0,1,0
1,0.0,0.0,0.0,0.5,0.0,naics,1104,5,1,0,0
1,0.0,0.0,0.0,0.8,0.0,naics,1105,9,1,1,1
1,0.9999999999933333,0.15,0.0,0.5,0.12,naics,1106,10,1,1,1
1,0.0,0.0,0.0,0.6,0.18,naics,1107,9,1,0,0
0,0.0,0.0,0.0,0.8,0.0,naics,1108,7,0,0,1
0,0.0,0.0,0.0,0.4,0.06,naics,1109,7,0,1,0
1,0.0,0.0,0.0,0.8,0.0,naics,1110,7,1,1,1
1,0.0,0.0,0.0,0.4,0.0,naics,1111,3,1,1,1
1,0.0,0.0,0.0,0.9,0.0,naics,1112,4,1,1,1
0,0.0,0.0,0.0,0.5,0.03,naics,1113,5,0,1,0
0,-0.9999999999933333,0.0,0.15,0.9,0.045,naics,1114,3,0,0,1
1,0.0,0.0,0.0,0.6,0.0,naics,1115,1,1,0,0
1,0.0,0.0,0.0,0.6,0.045,naics,1116,7,1,0,0
0,0.0,0.0,0.0,0.9,0.0,naics,1117,8,0,0,1
1,0.0,0.0,0.0,0.3,0.0,naics,1118,4,1,1,1
0,0.0,0.0,0.0,0.4,0.03,naics,1119,3,0,1,0
1,0.0,0.0,0.0,0.2,0.0,naics,1120,8,1,0,0
1,0.0,0.0,0.0,0.8,0.0,naics,1121,3,1,1,1
1,0.0,0.0,0.0,0.5,0.18166666666666667,naics,1122,2,1,0,0
1,0.0,0.0,0.0,0.8,0.0,naics,1123,1,1,0,0
1,0.0,0.0,0.0,0.5,0.0,naics,1124,6,1,1,1
1,-0.9999999999933333,0.0,0.15,0.9,0.175,naics,1125,1,1,1,1
1,0.0,0.0,0.0,0.7,0.0,naics,1126,4,1,1,1
1,0.0,0.0,0.0,0.7,0.0,naics,1127,7,1,0,0
1,0.0,0.0,0.0,0.6,0.0,naics,1128,9,1,0,0
1,0.9999999999933333,0.15,0.0,0.3,0.09,naics,1129,8,1,0,0
1,0.0,0.0,0.0,0.6,0.12,naics,1130,4,1,0,0
0,0.0,0.0,0.0,0.5,0.0,naics,1131,5,0,0,1
0,-0.9999999999933333,0.0,0.15,0.8,0.21000000000000002,naics,1132,2,0,0,1
0,0.0,0.0,0.0,0.5,0.0,naics,1133,4,0,1,0
1,0.0,0.0,0.0,0.9,0.0,naics,1134,5,1,1,1
1,0.0,0.0,0.0,0.6,0.0,naics,1135,6,1,1,1
1,0.0,0.0,0.0,0.5,0.0,naics,1136,9,1,0,0
1,0.0,0.0,0.0,0.6,0.0,naics,1137,2,1,1,1
0,0.0,0.0,0.0,0.6,0.0,naics,1138,7,0,0,1
0,0.0,0.0,0.0,0.3,0.0,naics,1139,9,0,1,0
0,0.0,0.0,0.0,0.5,0.0,naics,1140,5,0,1,0
1,0.9999999999933333,0.15,0.0,0.7,0.12,naics,1141,7,1,0,0
0,0.0,0.3,0.3,0.6,0.29999999999999993,naics,1142,5,0,0,1
0,0.0,0.0,0.0,0.3,0.0,naics,1143,6,0,1,0
0,0.0,0.0,0.0,0.7,0.0,naics,1144,9,0,0,1
0,0.0,0.0,0.0,0.6,0.0,naics,1145,5,0,0,1
0,0.0,0.0,0.0,0.5,0.0,naics,1146,8,0,1,0
0,0.0,0.0,0.0,0.4,0.0,naics,1147,6,0,1,0
1,0.0,0.0,0.0,0.3,0.03,naics,1148,1,1,0,0
0,0.0,0.0,0.0,0.5,0.0,naics,1149,6,0,1,0
0,0.0,0.0,0.0,0.3,0.0,naics,1150,6,0,0,1
0,0.0,0.0,0.0,0.5,0.09,naics,1151,7,0,0,1
0,0.0,0.0,0.0,0.2,0.0,naics,1152,10,0,1,0
0,0.0,0.0,0.0,0.7,0.0,naics,1153,2,0,0,1
1,0.0,0.0,0.0,0.5,0.0,naics,1154,9,1,0,0
0,0.0,0.4,0.4,0.6,0.41,naics,1155,2,0,0,1
0,0.0,0.0,0.0,0.5,0.045,naics,1156,7,0,0,1
0,0.0,0.0,0.0,0.4,0.03,naics,1157,8,0,0,1
1,0.0,0.0,0.0,0.4,0.0,naics,1158,1,1,0,0
1,-0.9999999999933333,0.0,0.15,0.6,0.13499999999999998,naics,1159,7,1,1,1
0,0.0,0.0,0.0,0.4,0.045,naics,1160,2,0,1,0
0,0.9999999999933333,0.15,0.0,0.7,0.22000000000000003,naics,1161,2,0,0,1
0,0.0,0.0,0.0,0.3,0.10500000000000001,naics,1162,10,0,1,0
0,0.0,0.0,0.0,0.7,0.015,naics,1163,7,0,0,1
1,0.0,0.0,0.0,0.5,0.0,naics,1164,3,1,0,0
0,0.0,0.0,0.0,0.2,0.0,naics,1165,3,0,1,0
0,0.9999999999975001,0.4,0.0,0.5,0.31999999999999995,naics,1166,5,0,0,1
0,0.0,0.0,0.0,0.5,0.075,naics,1167,8,0,0,1
0,0.0,0.0,0.0,0.5,0.0,naics,1168,10,0,1,0
1,0.0,0.0,0.0,0.6,0.0,naics,1169,9,1,0,0
0,0.0,0.0,0.0,0.7,0.0,naics,1170,4,0,1,0
1,0.0,0.0,0.0,0.7,0.0,naics,1171,5,1,0,0
1,0.0,0.0,0.0,0.6,0.0,naics,1172,2,1,1,1
1,0.0,0.0,0.0,0.8,0.015,naics,1173,1,1,1,1
1,0.0,0.0,0.0,0.2,0.045,naics,1174,8,1,0,0
1,0.0,0.0,0.0,0.6,0.075,naics,1175,5,1,1,1
1,0.9999999999933333,0.15,0.0,0.4,0.12,naics,1176,2,1,0,0
0,0.9999999999933333,0.15,0.0,0.1,0.015,naics,1177,3,0,1,0
1,0.0,0.0,0.0,0.4,0.0,naics,1178,3,1,1,1
1,0.0,0.0,0.0,0.8,0.0,naics,1180,3,1,0,0
0,0.0,0.0,0.0,0.4,0.0,naics,1181,8,0,1,0
0,-0.9999999999933333,0.0,0.15,1.0,0.045,naics,1182,8,0,0,1
1,0.0,0.0,0.0,0.7,0.03,naics,1183,5,1,1,1
0,0.0,0.0,0.0,0.5,0.18166666666666667,naics,1184,9,0,0,1
0,0.0,0.0,0.0,0.5,0.195,naics,1185,6,0,0,1
1,0.0,0.0,0.0,0.6,0.0,naics,1186,6,1,1,1
0,0.0,0.0,0.0,0.5,0.0,naics,1187,4,0,0,1
1,0.0,0.0,0.0,0.7,0.0,naics,1188,2,1,0,0
1,0.0,0.0,0.0,0.3,0.0,naics,1189,9,1,0,0
1,0.0,0.0,0.0,0.3,0.0,naics,1190,5,1,0,0
1,0.0,0.0,0.0,0.5,0.0,naics,1191,6,1,1,1
1,0.0,0.0,0.0,0.6,0.0,naics,1192,7,1,1,1
1,0.0,0.0,0.0,0.6,0.0,naics,1193,2,1,1,1
1,0.0,0.0,0.0,0.5,0.18166666666666667,naics,1194,2,1,0,0
0,0.0,0.0,0.0,0.3,0.0,naics,1195,10,0,1,0
0,0.0,0.0,0.0,0.6,0.0,naics,1196,3,0,0,1
1,0.0,0.0,0.0,0.6,0.0,naics,1197,5,1,1,1
0,0.0,0.0,0.0,0.6,0.0,naics,1198,1,0,1,0
0,0.0,0.0,0.0,0.7,0.0,naics,1199,7,0,1,0
1,0.0,0.0,0.0,0.7,0.03,naics,1200,8,1,1,1
1,0.0,0.0,0.0,0.5,0.18166666666666667,naics,1201,1,1,0,0
1,0.0,0.0,0.0,0.6,0.0,naics,1202,7,1,1,1
0,0.0,0.0,0.0,0.2,0.09,naics,1203,1,0,1,0
1,0.0,0.5,0.5,0.9,0.45,naics,1204,10,1,0,0
0,0.0,0.0,0.0,0.7,0.015,naics,1205,8,0,0,1
0,0.0,0.0,0.0,0.2,0.0,naics,1206,10,0,1,0
1,0.0,0.0,0.0,0.8,0.03,naics,1207,4,1,1,1
0,0.0,0.0,0.0,0.6,0.0,naics,1208,6,0,1,0
0,0.0,0.0,0.0,0.7,0.0,naics,1209,5,0,0,1
1,0.0,0.0,0.0,0.6,0.0,naics,1210,3,1,1,1
0,0.0,0.0,0.0,0.7,0.0,naics,1211,6,0,0,1
0,0.0,0.0,0.0,0.5,0.0,naics,1212,7,0,0,1
1,0.0,0.0,0.0,0.6,0.0,naics,1213,1,1,1,1
1,0.0,0.0,0.0,0.6,0.0,naics,1214,4,1,0,0
0,0.0,0.0,0.0,0.6,0.045,naics,1215,10,0,0,1
1,0.0,0.0,0.0,0.8,0.0,naics,1216,2,1,0,0
1,0.0,0.0,0.0,0.7,0.0,naics,1217,1,1,1,1
0,0.9999999999966668,0.3,0.0,0.2,0.165,naics,1218,5,0,0,1
0,0.0,0.0,0.0,0.5,0.0,naics,1219,9,0,0,1
0,0.0,0.0,0.0,0.7,0.0,naics,1220,3,0,1,0
1,0.0,0.0,0.0,0.4,0.0,naics,1221,9,1,1,1
0,0.0,0.0,0.0,0.2,0.0,naics,1222,4,0,1,0
1,0.11111111111098763,0.5,0.4,0.3,0.51,naics,1223,8,1,0,0
1,0.0,0.0,0.0,0.7,0.0,naics,1224,8,1,1,1
1,0.0,0.0,0.0,0.4,0.0,naics,1225,3,1,0,0
0,0.0,0.0,0.0,0.5,0.0,naics,1226,5,0,0,1
1,0.0,0.0,0.0,1.0,0.0,naics,1227,5,1,1,1
0,0.0,0.0,0.0,0.5,0.0,naics,1228,1,0,0,1
1,0.0,0.0,0.0,0.8,0.0,naics,1229,7,1,1,1
1,0.0,0.0,0.0,0.5,0.0,naics,1230,3,1,1,1
0,0.0,0.0,0.0,0.5,0.045,naics,1231,4,0,0,1
0,0.0,0.0,0.0,0.1,0.0,naics,1232,10,0,1,0
0,0.0,0.0,0.0,0.7,0.03,naics,1233,8,0,0,1
0,0.0,0.0,0.0,0.9,0.0,naics,1234,1,0,0,1
0,0.0,0.0,0.0,0.9,0.0,naics,1235,6,0,0,1
0,0.0,0.0,0.0,0.9,0.03,naics,1236,6,0,1,0
1,0.0,0.0,0.0,0.5,0.10500000000000001,naics,1237,4,1,0,0
1,0.0,0.0,0.0,0.7,0.0,naics,1238,7,1,1,1
1,0.0,0.0,0.0,0.6,0.0,naics,1239,10,1,1,1
1,0.0,0.0,0.0,0.7,0.0,naics,1240,2,1,1,1
0,0.0,0.0,0.0,0.7,0.15,naics,1241,8,0,0,1
0,0.0,0.15,0.15,0.5,0.13499999999999998,naics,1243,7,0,1,0
1,0.0,0.0,0.0,0.6,0.0,naics,1244,2,1,0,0
1,0.0,0.0,0.0,0.6,0.09,naics,1245,8,1,0,0
0,-0.9999999999975001,0.0,0.4,0.7,0.375,naics,1246,1,0,0,1
1,0.0,0.0,0.0,0.9,0.0,naics,1247,9,1,0,0
1,0.0,0.0,0.0,0.7,0.0,naics,1248,1,1,0,0
0,0.0,0.0,0.0,0.2,0.0,naics,1249,3,0,1,0
1,0.0,0.0,0.0,0.8,0.0,naics,1250,4,1,1,1
1,0.0,0.0,0.0,0.8,0.0,naics,1251,10,1,0,0
0,0.0,0.0,0.0,0.4,0.0,naics,1252,6,0,1,0
1,0.0,0.0,0.0,0.8,0.0,naics,1253,2,1,0,0
0,0.0,0.0,0.0,0.2,0.0,naics,1254,2,0,1,0
1,0.0,0.0,0.0,0.5,0.0,naics,1255,5,1,1,1
0,0.0,0.0,0.0,0.8,0.135,naics,1256,10,0,0,1
0,0.0,0.0,0.0,0.7,0.0,naics,1257,8,0,0,1
0,-0.9999999999966668,0.0,0.3,0.7,0.225,naics,1258,2,0,0,1
0,0.0,0.0,0.0,0.5,0.0,naics,1259,2,0,1,0
0,0.0,0.0,0.0,0.3,0.0,naics,1260,8,0,0,1
1,0.0,0.0,0.0,0.6,0.13,naics,1261,4,1,0,0
1,0.0,0.0,0.0,0.6,0.015,naics,1262,8,1,1,1
1,0.0,0.0,0.0,0.5,0.0,naics,1263,4,1,1,1
0,0.0,0.0,0.0,0.9,0.0,naics,1264,6,0,0,1
0,0.0,0.0,0.0,0.7,0.0,naics,1265,2,0,0,1
0,0.0,0.0,0.0,0.4,0.0,naics,1266,10,0,1,0
0,0.0,0.0,0.0,0.8,0.0,naics,1267,9,0,0,1
1,0.0,0.0,0.0,0.8,0.0,naics,1268,1,1,0,0
0,0.0,0.0,0.0,0.6,0.0,naics,1269,7,0,0,1
0,0.0,0.15,0.15,0.7,0.13499999999999998,naics,1270,1,0,0,1
1,0.0,0.0,0.0,0.3,0.0,naics,1271,9,1,0,0
0,0.0,0.0,0.0,0.7,0.045,naics,1272,3,0,0,1
0,0.0,0.0,0.0,0.6,0.0,naics,1273,9,0,1,0
1,0.0,0.0,0.0,0.5,0.0,naics,1274,9,1,0,0
1,0.0,0.0,0.0,0.3,0.0,naics,1275,9,1,0,0
1,0.0,0.0,0.0,0.5,0.0,naics,1276,4,1,0,0
0,0.0,0.0,0.0,0.5,0.0,naics,1277,7,0,1,0
0,0.0,0.0,0.0,0.8,0.0,naics,1278,1,0,0,1
1,0.0,0.0,0.0,0.9,0.0,naics,1279,6,1,1,1
0,0.0,0.0,0.0,0.4,0.0,naics,1280,9,0,1,0
0,0.0,0.0,0.0,0.5,0.075,naics,1281,5,0,0,1
1,0.0,0.0,0.0,0.7,0.0,naics,1282,7,1,1,1
1,0.0,0.0,0.0,0.8,0.0,naics,1283,1,1,0,0
1,0.0,0.0,0.0,0.6,0.0,naics,1284,2,1,1,1
1,0.0,0.0,0.0,0.9,0.0,naics,1285,3,1,1,1
1,0.0,0.0,0.0,0.5,0.0,naics,1286,9,1,0,0
0,0.0,0.0,0.0,0.4,0.15,naics,1287,2,0,0,1
1,0.0,0.0,0.0,0.3,0.03,naics,1288,7,1,0,0
1,0.0,0.0,0.0,0.5,0.0,naics,1289,8,1,0,0
0,0.0,0.0,0.0,0.3,0.03,naics,1290,7,0,1,0
0,0.0,0.0,0.0,0.1,0.0,naics,1291,5,0,1,0
1,0.4545454545446281,0.4,0.15,0.4,0.32499999999999996,naics,1292,9,1,0,0
1,0.0,0.0,0.0,0.8,0.0,naics,1293,2,1,1,1
0,0.0,0.0,0.0,0.6,0.0,naics,1294,4,0,0,1
0,0.0,0.0,0.0,0.8,0.0,naics,1295,6,0,0,1
0,0.0,0.0,0.0,0.6,0.0,naics,1297,8,0,0,1
0,0.0,0.15,0.15,0.7,0.28500000000000003,naics,1298,9,0,0,1
1,0.0,0.0,0.0,0.8,0.0,naics,1299,3,1,0,0
1,0.0,0.0,0.0,0.5,0.0,naics,1300,7,1,0,0
0,0.0,0.0,0.0,0.5,0.0,naics,1301,5,0,0,1
1,0.0,0.0,0.0,0.4,0.0,naics,1302,9,1,1,1
1,0.0,0.0,0.0,0.8,0.0,naics,1303,6,1,0,0
1,0.0,0.0,0.0,0.5,0.0,naics,1304,8,1,1,1
1,0.0,0.0,0.0,0.5,0.0,naics,1305,1,1,0,0
1,0.0,0.0,0.0,0.6,0.0,naics,1306,2,1,1,1
0,0.0,0.0,0.0,0.6,0.0,naics,1307,9,0,0,1
0,0.0,0.0,0.0,0.4,0.0,naics,1308,8,0,0,1
1,0.0,0.0,0.0,0.8,0.0,naics,1309,4,1,0,0
0,0.0,0.0,0.0,0.4,0.0,naics,1310,10,0,1,0
1,0.0,0.0,0.0,0.4,0.0,naics,1311,3,1,1,1
0,0.0,0.0,0.0,0.7,0.0,naics,1313,4,0,0,1
1,0.0,0.0,0.0,0.7,0.0,naics,1314,7,1,0,0
1,0.0,0.0,0.0,0.8,0.0,naics,1315,10,1,1,1
0,0.0,0.0,0.0,0.5,0.0,naics,1316,10,0,1,0
0,0.0,0.0,0.0,0.7,0.09,naics,1317,5,0,0,1
1,0.0,0.0,0.0,0.8,0.0,naics,1318,2,1,1,1
1,0.0,0.0,0.0,0.5,0.0,naics,1319,2,1,0,0
1,0.0,0.0,0.0,0.5,0.06,naics,1320,9,1,1,1
0,0.0,0.0,0.0,0.4,0.0,naics,1321,9,0,1,0
0,0.0,0.0,0.0,0.6,0.03,naics,1322,8,0,0,1
0,0.0,0.0,0.0,0.3,0.0,naics,1323,1,0,1,0
0,0.0,0.0,0.0,0.4,0.0,naics,1324,4,0,0,1
0,-0.999999999998,0.0,0.5,0.4,0.4,naics,1325,3,0,0,1
0,0.0,0.0,0.0,0.8,0.0,naics,1326,2,0,0,1
1,0.0,0.0,0.0,0.6,0.0,naics,1327,6,1,1,1
0,0.0,0.0,0.0,0.6,0.06,naics,1328,8,0,1,0
0,0.0,0.0,0.0,0.5,0.09,naics,1329,6,0,0,1
1,0.0,0.0,0.0,0.6,0.0,naics,1330,2,1,0,0
0,0.0,0.0,0.0,0.7,0.03,naics,1331,10,0,0,1
0,0.0,0.0,0.0,0.7,0.12,naics,1332,9,0,1,0
0,0.0,0.0,0.0,0.9,0.0,naics,1333,2,0,0,1
0,0.0,0.0,0.0,0.8,0.0,naics,1334,7,0,0,1
1,0.0,0.0,0.0,0.5,0.0,naics,1335,3,1,1,1
1,0.0,0.0,0.0,0.5,0.06,naics,1336,8,1,1,1
1,0.0,0.0,0.0,0.8,0.0,naics,1337,8,1,1,1
1,0.0,0.0,0.0,0.9,0.0,naics,1338,9,1,1,1
1,0.0,0.0,0.0,0.7,0.0,naics,1339,10,1,1,1
1,0.0,0.0,0.0,0.6,0.0,naics,1340,10,1,1,1
1,0.0,0.0,0.0,0.4,0.0,naics,1341,5,1,0,0
1,0.0,0.0,0.0,0.8,0.0,naics,1342,4,1,1,1
1,0.0,0.0,0.0,0.6,0.0,naics,1343,1,1,1,1
0,0.0,0.0,0.0,0.7,0.0,naics,1344,8,0,0,1
0,0.0,0.0,0.0,0.5,0.10500000000000001,naics,1345,10,0,1,0
0,0.0,0.0,0.0,0.4,0.0,naics,1346,9,0,1,0
1,0.0,0.0,0.0,0.9,0.0,naics,1347,10,1,0,0
1,0.0,0.0,0.0,0.6,0.0,naics,1348,2,1,0,0
1,0.0,0.0,0.0,0.6,0.0,naics,1349,8,1,1,1
0,0.0,0.0,0.0,0.4,0.03,naics,1350,10,0,1,0
1,0.0,0.0,0.0,0.5,0.0,naics,1351,2,1,1,1
0,0.0,0.0,0.0,0.2,0.0,naics,1352,6,0,1,0
0,0.0,0.0,0.0,0.4,0.135,naics,1353,6,0,0,1
1,0.0,0.0,0.0,0.8,0.0,naics,1354,1,1,1,1
1,0.0,0.0,0.0,0.5,0.0,naics,1355,5,1,0,0
1,0.0,0.15,0.15,0.3,0.44333333333333325,naics,1356,1,1,0,0
1,-0.9999999999933333,0.0,0.15,0.8,0.075,naics,1357,2,1,0,0
0,-0.999999999998,0.0,0.5,0.8,0.4,naics,1358,7,0,0,1
0,0.0,0.0,0.0,0.6,0.0,naics,1359,8,0,0,1
0,0.0,0.0,0.0,0.6,0.0,naics,1360,5,0,1,0
1,0.0,0.0,0.0,0.3,0.0,naics,1361,9,1,0,0
0,0.0,0.0,0.0,0.4,0.0,naics,1362,5,0,1,0
0,0.0,0.0,0.0,0.7,0.015,naics,1363,3,0,0,1
0,0.0,0.0,0.0,0.2,0.0,naics,1364,7,0,1,0
0,0.0,0.0,0.0,0.5,0.0,naics,1365,2,0,1,0
1,0.0,0.0,0.0,0.9,0.0,naics,1366,5,1,1,1
1,0.0,0.0,0.0,0.4,0.06,naics,1367,7,1,0,0
0,-0.33333333333259263,0.15,0.3,0.5,0.255,naics,1368,10,0,0,1
1,0.0,0.0,0.0,0.9,0.0,naics,1369,9,1,1,1
0,0.0,0.0,0.0,0.5,0.0,naics,1370,3,0,0,1
0,0.0,0.0,0.0,0.7,0.0,naics,1371,1,0,0,1
1,0.0,0.0,0.0,0.8,0.0,naics,1373,5,1,1,1
0,0.0,0.0,0.0,0.5,0.0,naics,1374,9,0,1,0
1,0.0,0.0,0.0,0.7,0.0,naics,1375,3,1,1,1
0,0.0,0.0,0.0,0.5,0.0,naics,1376,7,0,0,1
1,0.0,0.0,0.0,0.7,0.0,naics,1377,8,1,1,1
1,0.0,0.0,0.0,0.3,0.045,naics,1378,7,1,1,1
0,0.0,0.0,0.0,0.4,0.0,naics,1379,7,0,0,1
1,0.0,0.0,0.0,0.7,0.0,naics,1380,3,1,0,0
1,0.0,0.0,0.0,1.0,0.0,naics,1381,1,1,1,1
0,0.0,0.0,0.0,0.6,0.0,naics,1382,6,0,0,1
0,0.0,0.0,0.0,0.3,0.0,naics,1383,9,0,1,0
1,0.0,0.0,0.0,0.3,0.0,naics,1384,8,1,0,0
1,0.0,0.0,0.0,0.9,0.0,naics,1385,5,1,1,1
0,0.0,0.0,0.0,0.4,0.0,naics,1386,2,0,1,0
0,0.0,0.0,0.0,0.7,0.255,naics,1387,1,0,1,0
0,0.0,0.0,0.0,0.4,0.0,naics,1388,1,0,1,0
0,0.0,0.0,0.0,0.7,0.0,naics,1389,1,0,0,1
1,0.0,0.0,0.0,0.5,0.0,naics,1390,10,1,1,1
1,0.0,0.0,0.0,0.9,0.0,naics,1391,4,1,1,1
1,0.0,0.0,0.0,0.4,0.0,naics,1392,3,1,1,1
1,0.0,0.0,0.0,0.7,0.0,naics,1393,1,1,0,0
1,0.0,0.0,0.0,0.9,0.0,naics,1394,7,1,1,1
0,0.0,0.0,0.0,0.8,0.03,naics,1395,9,0,1,0
0,0.0,0.0,0.0,0.5,0.0,naics,1396,10,0,1,0
1,0.0,0.0,0.0,0.9,0.0,naics,1397,10,1,1,1
0,0.0,0.0,0.0,0.7,0.0,naics,1398,7,0,0,1
1,0.0,0.0,0.0,0.6,0.0,naics,1399,4,1,1,1
1,-0.9999999999933333,0.0,0.15,0.8,0.13999999999999999,naics,1400,5,1,0,0
0,0.0,0.0,0.0,0.7,0.03,naics,1401,2,0,0,1
1,0.0,0.0,0.0,0.3,0.0,naics,1403,10,1,1,1
0,0.0,0.0,0.0,0.3,0.03,naics,1404,9,0,0,1
1,0.0,0.0,0.0,0.7,0.0,naics,1405,9,1,1,1
0,0.0,0.0,0.0,0.2,0.0,naics,1406,7,0,0,1
1,0.0,0.0,0.0,0.6,0.0,naics,1407,8,1,1,1
0,0.0,0.0,0.0,0.8,0.0,naics,1408,2,0,1,0
0,0.0,0.0,0.0,0.7,0.0,naics,1409,9,0,0,1
1,0.0,0.0,0.0,0.5,0.0,naics,1410,10,1,0,0
1,0.0,0.0,0.0,0.4,0.165,naics,1411,2,1,1,1
0,0.9999999999933333,0.15,0.0,0.4,0.21999999999999997,naics,1412,5,0,1,0
1,0.0,0.0,0.0,0.6,0.045,naics,1413,9,1,1,1
0,0.9999999999933333,0.15,0.0,0.8,0.12,naics,1414,9,0,0,1
1,0.0,0.0,0.0,0.7,0.0,naics,1415,9,1,0,0
0,0.0,0.0,0.0,0.7,0.03,naics,1416,1,0,0,1
0,0.0,0.0,0.0,0.3,0.0,naics,1417,5,0,1,0
0,0.0,0.0,0.0,0.8,0.0,naics,1418,3,0,0,1
0,0.0,0.0,0.0,0.6,0.075,naics,1419,3,0,0,1
1,0.0,0.0,0.0,0.6,0.0,naics,1420,5,1,0,0
1,0.0,0.0,0.0,0.8,0.0,naics,1421,10,1,1,1
1,0.0,0.0,0.0,0.6,0.0,naics,1422,9,1,1,1
0,0.0,0.0,0.0,0.4,0.165,naics,1423,3,0,1,0
1,0.0,0.15,0.15,0.3,0.255,naics,1424,6,1,0,0
1,0.0,0.0,0.0,0.8,0.0,naics,1425,2,1,1,1
0,0.0,0.0,0.0,0.8,0.0,naics,1426,4,0,0,1
1,0.0,0.0,0.0,0.7,0.0,naics,1427,7,1,0,0
1,0.0,0.0,0.0,0.5,0.0,naics,1428,2,1,1,1
1,0.0,0.0,0.0,0.4,0.0,naics,1429,8,1,1,1
0,0.0,0.0,0.0,0.4,0.0,naics,1430,3,0,1,0
1,0.0,0.0,0.0,0.5,0.0,naics,1431,2,1,1,1
1,0.0,0.0,0.0,0.5,0.0,naics,1432,7,1,0,0
0,0.0,0.0,0.0,0.7,0.0,naics,1433,3,0,0,1
1,0.0,0.0,0.0,0.8,0.0,naics,1434,8,1,1,1
1,0.0,0.0,0.0,0.7,0.0,naics,1435,8,1,1,1
1,0.0,0.0,0.0,0.5,0.0,naics,1436,2,1,1,1
0,0.0,0.0,0.0,0.5,0.0,naics,1437,6,0,0,1
1,0.0,0.0,0.0,0.5,0.0,naics,1438,3,1,1,1
1,0.0,0.0,0.0,0.8,0.0,naics,1439,8,1,1,1
1,0.0,0.0,0.0,0.9,0.0,naics,1440,1,1,0,0
1,0.0,0.0,0.0,0.7,0.0,naics,1441,5,1,1,1
0,0.0,0.0,0.0,0.5,0.045,naics,1442,6,0,1,0
0,0.0,0.0,0.0,0.8,0.015,naics,1443,10,0,0,1
0,0.0,0.0,0.0,0.7,0.09,naics,1444,3,0,0,1
1,0.0,0.0,0.0,0.6,0.0,naics,1445,5,1,0,0
0,0.0,0.15,0.15,0.5,0.35,naics,1446,2,0,0,1
1,0.0,0.0,0.0,0.6,0.0,naics,1447,9,1,0,0
0,0.0,0.0,0.0,0.4,0.0,naics,1448,2,0,1,0
0,0.0,0.0,0.0,0.7,0.0,naics,1449,1,0,0,1
0,0.0,0.0,0.0,0.5,0.0,naics,1450,7,0,0,1
1,0.0,0.0,0.0,0.5,0.0,naics,1451,6,1,1,1
0,0.0,0.0,0.0,0.6,0.0,naics,1452,2,0,1,0
1,0.0,0.0,0.0,0.8,0.0,naics,1453,8,1,1,1
0,0.0,0.0,0.0,0.6,0.0,naics,1454,6,0,1,0
0,-0.9999999999933333,0.0,0.15,0.7,0.10500000000000001,naics,1455,3,0,0,1
1,0.0,0.0,0.0,0.6,0.0,naics,1456,7,1,1,1
0,0.0,0.0,0.0,0.4,0.0,naics,1457,4,0,1,0
0,0.0,0.0,0.0,0.6,0.0,naics,1458,6,0,0,1
1,0.0,0.0,0.0,0.6,0.045,naics,1459,2,1,1,1
1,0.0,0.0,0.0,0.7,0.03,naics,1460,1,1,1,1
1,0.0,0.0,0.0,0.3,0.0,naics,1461,2,1,0,0
0,0.0,0.0,0.0,0.7,0.045,naics,1462,8,0,0,1
1,0.0,0.0,0.0,0.7,0.0,naics,1463,4,1,1,1
1,0.0,0.0,0.0,0.5,0.0,naics,1464,10,1,1,1
0,0.0,0.0,0.0,0.2,0.03,naics,1465,1,0,1,0
1,0.0,0.0,0.0,0.9,0.0,naics,1466,2,1,0,0
0,-0.9999999999933333,0.0,0.15,0.5,0.15,naics,1467,3,0,0,1
0,0.0,0.0,0.0,0.4,0.0,naics,1468,3,0,1,0
1,0.0,0.0,0.0,0.4,0.0,naics,1469,7,1,1,1
1,0.0,0.0,0.0,0.6,0.0,naics,1470,9,1,1,1
1,0.0,0.0,0.0,0.6,0.0,naics,1471,8,1,1,1
1,0.999999999998,0.5,0.0,0.1,0.41,naics,1472,1,1,0,0
1,0.0,0.0,0.0,0.6,0.0,naics,1473,9,1,1,1
1,0.0,0.0,0.0,0.4,0.0,naics,1474,1,1,0,0
1,0.0,0.0,0.0,0.7,0.0,naics,1475,5,1,1,1
0,0.0,0.0,0.0,0.6,0.24,naics,1476,10,0,0,1
1,0.0,0.0,0.0,0.7,0.03,naics,1477,7,1,1,1
0,0.0,0.0,0.0,0.4,0.0,naics,1478,6,0,1,0
1,0.9999999999933333,0.15,0.0,0.8,0.315,naics,1479,3,1,1,1
1,0.0,0.0,0.0,0.8,0.0,naics,1480,3,1,1,1
1,0.0,0.0,0.0,0.7,0.0,naics,1481,8,1,1,1
0,0.0,0.0,0.0,0.5,0.0,naics,1482,9,0,0,1
0,0.0,0.0,0.0,0.4,0.0,naics,1483,2,0,0,1
1,0.0,0.0,0.0,0.6,0.0,naics,1484,6,1,1,1
0,0.0,0.0,0.0,0.4,0.075,naics,1485,5,0,1,0
1,0.0,0.0,0.0,0.7,0.0,naics,1486,6,1,1,1
1,0.0,0.0,0.0,0.7,0.0,naics,1487,8,1,1,1
1,0.0,0.0,0.0,0.5,0.0,naics,1488,8,1,0,0
0,0.0,0.0,0.0,0.6,0.0,naics,1489,8,0,0,1
1,0.0,0.0,0.0,0.7,0.0,naics,1490,3,1,0,0
1,0.0,0.0,0.0,0.7,0.0,naics,1491,6,1,1,1
1,0.9999999999966668,0.3,0.0,0.4,0.15,naics,1492,3,1,0,0
0,0.0,0.0,0.0,0.6,0.155,naics,1493,9,0,0,1
0,0.0,0.0,0.0,0.3,0.0,naics,1494,6,0,1,0
1,0.0,0.0,0.0,0.2,0.0,naics,1495,4,1,0,0
1,0.0,0.0,0.0,0.4,0.0,naics,1496,2,1,0,0
1,0.0,0.0,0.0,0.6,0.0,naics,1497,9,1,1,1
0,0.0,0.0,0.0,0.8,0.0,naics,1498,8,0,0,1
1,0.0,0.0,0.0,0.7,0.0,naics,1499,7,1,1,1
1,0.0,0.0,0.0,0.7,0.0,naics,1500,10,1,1,1
1,0.0,0.0,0.0,0.5,0.34,naics,1501,6,1,0,0
1,0.0,0.0,0.0,0.5,0.0,naics,1502,9,1,0,0
1,0.0,0.0,0.0,0.6,0.0,naics,1503,5,1,1,1
0,0.0,0.0,0.0,0.3,0.075,naics,1504,6,0,1,0
1,0.0,0.0,0.0,0.3,0.0,naics,1505,7,1,0,0
1,0.0,0.0,0.0,0.7,0.0,naics,1506,2,1,1,1
1,0.0,0.0,0.0,0.6,0.0,naics,1507,2,1,1,1
1,0.0,0.0,0.0,0.5,0.0,naics,1508,9,1,0,0
0,0.0,0.0,0.0,0.5,0.045,naics,1509,1,0,1,0
1,0.0,0.0,0.0,0.7,0.0,naics,1510,10,1,1,1
0,0.0,0.0,0.0,0.5,0.0,naics,1511,8,0,1,0
0,0.0,0.0,0.0,0.5,0.0,naics,1513,9,0,1,0
1,0.0,0.0,0.0,0.7,0.0,naics,1514,8,1,0,0
0,-0.9999999999933333,0.0,0.15,0.8,0.19166666666666665,naics,1515,6,0,0,1
1,0.0,0.0,0.0,0.8,0.165,naics,1516,7,1,0,0
1,-0.9999999999933333,0.0,0.15,0.9,0.12,naics,1517,4,1,0,0
1,0.0,0.0,0.0,0.5,0.03,naics,1518,5,1,0,0
0,0.0,0.0,0.0,0.6,0.0,naics,1519,4,0,1,0
0,0.0,0.3,0.3,0.3,0.26999999999999996,naics,1520,7,0,0,1
0,-0.9999999999975001,0.0,0.4,0.4,0.33499999999999996,naics,1521,2,0,0,1
0,0.0,0.0,0.0,0.7,0.0,naics,1522,1,0,0,1
1,0.0,0.0,0.0,0.7,0.0,naics,1523,4,1,1,1
1,0.0,0.0,0.0,0.6,0.06,naics,1524,2,1,1,1
0,-0.9999999999966668,0.0,0.3,0.6,0.21000000000000002,naics,1525,2,0,0,1
0,0.0,0.0,0.0,0.7,0.0,naics,1526,7,0,0,1
1,0.0,0.0,0.0,0.1,0.0,naics,1527,2,1,0,0
0,0.9999999999933333,0.15,0.0,0.3,0.21000000000000002,naics,1528,4,0,0,1
1,0.0,0.0,0.0,0.5,0.0,naics,1529,9,1,0,0
1,0.0,0.0,0.0,0.6,0.0,naics,1530,6,1,0,0
1,0.0,0.0,0.0,0.6,0.0,naics,1531,2,1,1,1
0,0.0,0.0,0.0,0.6,0.075,naics,1532,1,0,0,1
0,0.0,0.0,0.0,0.8,0.0,naics,1533,9,0,0,1
1,0.9999999999933333,0.15,0.0,0.4,0.15499999999999997,naics,1534,8,1,0,0
1,0.0,0.0,0.0,0.3,0.0,naics,1535,10,1,1,1
1,0.0,0.0,0.0,0.4,0.0,naics,1536,2,1,1,1
1,0.0,0.0,0.0,0.4,0.015,naics,1537,6,1,0,0
1,0.0,0.0,0.0,0.6,0.015,naics,1538,3,1,1,1
0,0.0,0.0,0.0,0.7,0.0,naics,1539,9,0,0,1
0,0.0,0.0,0.0,0.4,0.0,naics,1540,2,0,1,0
0,0.0,0.0,0.0,0.6,0.0,naics,1541,10,0,1,0
0,0.0,0.0,0.0,0.4,0.0,naics,1542,5,0,1,0
1,0.0,0.0,0.0,0.6,0.0,naics,1543,3,1,0,0
0,0.0,0.0,0.0,0.2,0.0,naics,1544,5,0,0,1
0,0.0,0.0,0.0,0.8,0.0,naics,1545,2,0,0,1
1,0.0,0.0,0.0,0.6,0.0,naics,1546,9,1,0,0
1,0.0,0.0,0.0,0.8,0.0,naics,1547,4,1,1,1
0,0.0,0.0,0.0,0.4,0.0,naics,1548,3,0,1,0
0,0.0,0.0,0.0,0.4,0.0,naics,1549,10,0,1,0
1,-0.9999999999933333,0.0,0.15,0.9,0.12,naics,1550,2,1,0,0
0,0.0,0.0,0.0,0.6,0.06,naics,1551,1,0,1,0
1,0.0,0.0,0.0,0.4,0.0,naics,1552,2,1,1,1
0,0.0,0.0,0.0,0.8,0.06,naics,1553,1,0,0,1
0,0.0,0.0,0.0,0.6,0.0,naics,1554,10,0,0,1
1,0.0,0.0,0.0,0.3,0.0,naics,1555,2,1,0,0
0,0.0,0.0,0.0,0.5,0.0,naics,1556,8,0,1,0
0,0.0,0.0,0.0,0.5,0.0,naics,1557,9,0,0,1
1,-0.9999999999933333,0.0,0.15,0.9,0.13499999999999998,naics,1558,5,1,0,0
0,0.0,0.0,0.0,0.7,0.0,naics,1559,7,0,0,1
0,0.0,0.0,0.0,0.5,0.0,naics,1560,9,0,0,1
1,0.0,0.0,0.0,0.5,0.0,naics,1561,3,1,0,0
0,0.0,0.0,0.0,0.3,0.0,naics,1562,10,0,1,0
1,-0.9999999999933333,0.0,0.15,0.7,0.225,naics,1563,4,1,1,1
1,0.0,0.0,0.0,0.5,0.0,naics,1564,8,1,0,0
1,0.0,0.0,0.0,0.6,0.0,naics,1565,8,1,1,1
1,0.0,0.0,0.0,0.7,0.0,naics,1566,10,1,1,1
0,0.0,0.0,0.0,0.7,0.0,naics,1567,3,0,0,1
0,0.0,0.0,0.0,0.2,0.0,naics,1568,3,0,1,0
0,0.0,0.0,0.0,0.9,0.015,naics,1569,1,0,0,1
1,0.0,0.0,0.0,0.5,0.0,naics,1570,9,1,1,1
1,0.0,0.0,0.0,0.5,0.10500000000000001,naics,1571,10,1,1,1
0,0.0,0.0,0.0,0.7,0.0,naics,1572,4,0,0,1
1,0.0,0.0,0.0,0.8,0.0,naics,1573,2,1,1,1
1,0.0,0.0,0.0,0.3,0.03,naics,1574,7,1,0,0
1,0.0,0.0,0.0,0.6,0.045,naics,1575,4,1,0,0
0,0.0,0.0,0.0,0.1,0.0,naics,1576,5,0,0,1
0,0.0,0.0,0.0,0.5,0.0,naics,1577,10,0,1,0
1,0.0,0.0,0.0,0.8,0.015,naics,1578,8,1,1,1
1,0.0,0.0,0.0,0.6,0.0,naics,1579,8,1,1,1
1,0.0,0.0,0.0,0.5,0.0,naics,1580,8,1,1,1
0,-0.9999999999933333,0.0,0.15,0.5,0.165,naics,1581,1,0,0,1
0,0.9999999999933333,0.15,0.0,0.6,0.21000000000000002,naics,1582,4,0,1,0
0,0.0,0.0,0.0,0.5,0.0,naics,1583,10,0,1,0
1,0.0,0.0,0.0,1.0,0.0,naics,1584,10,1,1,1
0,0.0,0.0,0.0,0.5,0.0,naics,1585,2,0,0,1
0,0.0,0.0,0.0,0.8,0.0,naics,1586,10,0,0,1
0,0.0,0.0,0.0,0.6,0.0,naics,1589,8,0,1,0
0,0.0,0.0,0.0,0.6,0.0,naics,1590,1,0,0,1
1,0.0,0.0,0.0,0.4,0.0,naics,1591,3,1,1,1
1,0.0,0.0,0.0,0.6,0.0,naics,1592,7,1,1,1
0,0.0,0.0,0.0,0.7,0.0,naics,1593,4,0,0,1
1,0.0,0.0,0.0,0.6,0.0,naics,1594,10,1,0,0
1,0.0,0.0,0.0,0.6,0.0,naics,1595,8,1,1,1
0,0.0,0.0,0.0,0.6,0.0,naics,1596,2,0,1,0
0,0.0,0.0,0.0,0.7,0.075,naics,1597,5,0,1,0
0,0.0,0.0,0.0,0.3,0.0,naics,1598,7,0,1,0
1,0.0,0.0,0.0,0.6,0.0,naics,1599,9,1,1,1
0,0.0,0.0,0.0,0.7,0.0,naics,1600,1,0,0,1
0,0.0,0.0,0.0,0.6,0.0,naics,1601,3,0,0,1
1,0.0,0.0,0.0,0.7,0.0,naics,1602,10,1,1,1
0,0.0,0.0,0.0,0.2,0.0,naics,1603,7,0,1,0
1,0.0,0.0,0.0,0.6,0.0,naics,1604,7,1,1,1
0,0.0,0.0,0.0,0.7,0.0,naics,1605,7,0,0,1
0,-0.9999999999933333,0.0,0.15,0.7,0.12,naics,1606,3,0,0,1
1,0.0,0.0,0.0,0.8,0.03,naics,1607,9,1,0,0
1,-0.9999999999933333,0.0,0.15,0.7,0.12,naics,1608,9,1,0,0
1,0.0,0.0,0.0,0.9,0.0,naics,1609,4,1,0,0
0,0.0,0.0,0.0,0.3,0.0,naics,1610,2,0,1,0
0,0.0,0.0,0.0,0.8,0.0,naics,1611,2,0,0,1
0,0.0,0.0,0.0,0.3,0.0,naics,1612,6,0,1,0
1,0.0,0.0,0.0,0.8,0.0,naics,1613,10,1,0,0
1,0.0,0.0,0.0,0.9,0.0,naics,1614,5,1,1,1
1,0.0,0.0,0.0,0.8,0.0,naics,1615,3,1,0,0
0,0.0,0.0,0.0,0.8,0.0,naics,1616,2,0,1,0
0,0.0,0.0,0.0,0.9,0.0,naics,1617,2,0,0,1
1,0.0,0.0,0.0,0.4,0.075,naics,1618,9,1,0,0
0,0.0,0.0,0.0,0.4,0.0,naics,1619,9,0,0,1
0,0.0,0.0,0.0,0.3,0.0,naics,1620,6,0,1,0
1,0.0,0.0,0.0,0.9,0.0,naics,1621,5,1,1,1
0,0.0,0.0,0.0,0.5,0.0,naics,1622,8,0,1,0
1,0.0,0.0,0.0,1.0,0.0,naics,1623,5,1,0,0
0,0.0,0.0,0.0,0.6,0.0,naics,1624,1,0,1,0
1,0.0,0.0,0.0,0.6,0.0,naics,1625,2,1,1,1
1,0.0,0.0,0.0,0.5,0.045,naics,1626,7,1,0,0
0,0.0,0.0,0.0,0.6,0.0,naics,1627,1,0,0,1
1,0.0,0.0,0.0,0.1,0.0,naics,1628,3,1,0,0
0,0.0,0.0,0.0,0.9,0.03,naics,1629,5,0,0,1
0,0.0,0.0,0.0,0.9,0.03,naics,1630,2,0,0,1
1,0.0,0.0,0.0,0.6,0.0,naics,1631,9,1,1,1
0,0.0,0.0,0.0,0.3,0.0,naics,1632,3,0,1,0
0,0.0,0.0,0.0,0.7,0.0,naics,1633,5,0,1,0
0,0.0,0.0,0.0,0.5,0.0,naics,1634,5,0,1,0
1,-0.9999999999933333,0.0,0.15,0.8,0.075,naics,1635,6,1,1,1
1,0.0,0.0,0.0,0.5,0.06,naics,1636,7,1,0,0
0,0.0,0.0,0.0,0.5,0.0,naics,1637,4,0,1,0
1,0.0,0.0,0.0,0.5,0.0,naics,1638,4,1,1,1
1,0.0,0.0,0.0,0.7,0.0,naics,1639,7,1,1,1
1,0.0,0.0,0.0,0.2,0.0,naics,1640,9,1,0,0
0,0.0,0.0,0.0,0.4,0.0,naics,1641,9,0,0,1
0,0.0,0.0,0.0,0.6,0.0,naics,1642,7,0,0,1
0,0.0,0.0,0.0,0.1,0.0,naics,1643,1,0,1,0
1,0.0,0.0,0.0,0.7,0.0,naics,1644,3,1,1,1
0,-0.9999999999966668,0.0,0.3,0.5,0.395,naics,1645,4,0,1,0
1,0.0,0.0,0.0,0.6,0.10500000000000001,naics,1646,8,1,0,0
1,0.0,0.0,0.0,0.7,0.03,naics,1647,7,1,1,1
0,0.0,0.0,0.0,0.7,0.21999999999999997,naics,1648,8,0,1,0
0,0.0,0.3,0.3,0.6,0.29999999999999993,naics,1649,5,0,0,1
1,0.0,0.0,0.0,0.3,0.015,naics,1650,4,1,0,0
0,0.0,0.0,0.0,0.7,0.0,naics,1651,3,0,0,1
1,0.0,0.0,0.0,0.6,0.0,naics,1652,7,1,1,1
1,0.0,0.0,0.0,0.7,0.0,naics,1653,4,1,1,1
1,0.0,0.0,0.0,0.7,0.045,naics,1654,10,1,1,1
1,0.0,0.0,0.0,0.7,0.0,naics,1655,7,1,0,0
1,0.0,0.0,0.0,0.8,0.0,naics,1656,4,1,0,0
0,0.0,0.0,0.0,0.4,0.0,naics,1657,9,0,1,0
0,0.0,0.0,0.0,0.7,0.24499999999999997,naics,1658,8,0,1,0
1,0.0,0.0,0.0,0.2,0.0,naics,1659,3,1,0,0
1,0.0,0.0,0.0,0.5,0.0,naics,1660,8,1,1,1
1,0.0,0.0,0.0,0.7,0.0,naics,1661,7,1,1,1
1,0.0,0.0,0.0,0.4,0.0,naics,1662,7,1,1,1
0,0.0,0.0,0.0,0.4,0.0,naics,1663,9,0,0,1
0,0.0,0.15,0.15,0.6,0.13499999999999998,naics,1664,4,0,1,0
0,0.0,0.0,0.0,0.9,0.0,naics,1665,6,0,0,1
1,0.0,0.0,0.0,0.1,0.0,naics,1666,3,1,1,1
1,0.0,0.0,0.0,0.3,0.015,naics,1667,4,1,0,0
1,0.0,0.0,0.0,0.5,0.0,naics,1668,4,1,1,1
1,0.0,0.0,0.0,0.6,0.13,naics,1670,3,1,0,0
0,0.0,0.0,0.0,0.6,0.0,naics,1671,4,0,0,1
1,0.0,0.0,0.0,0.9,0.0,naics,1672,10,1,1,1
1,0.0,0.0,0.0,0.7,0.0,naics,1673,10,1,1,1
1,0.0,0.0,0.0,0.5,0.0,naics,1674,5,1,1,1
0,0.0,0.0,0.0,0.9,0.03,naics,1675,8,0,0,1
1,0.0,0.0,0.0,0.5,0.0,naics,1676,4,1,0,0
0,0.0,0.0,0.0,0.6,0.0,naics,1678,9,0,1,0
1,0.0,0.0,0.0,0.5,0.0,naics,1679,5,1,1,1
1,0.0,0.0,0.0,0.3,0.09,naics,1680,7,1,0,0
0,0.0,0.0,0.0,0.7,0.0,naics,1681,5,0,0,1
0,0.0,0.0,0.0,0.5,0.0,naics,1682,4,0,0,1
0,0.0,0.0,0.0,0.1,0.0,naics,1683,7,0,1,0
0,0.0,0.0,0.0,0.3,0.06,naics,1684,2,0,1,0
1,0.0,0.0,0.0,0.6,0.18,naics,1685,10,1,0,0
1,0.0,0.3,0.3,0.4,0.26999999999999996,naics,1686,8,1,0,0
0,0.0,0.0,0.0,0.7,0.0,naics,1687,7,0,0,1
0,0.0,0.0,0.0,0.7,0.0,naics,1688,4,0,0,1
1,0.0,0.0,0.0,0.6,0.0,naics,1689,10,1,0,0
1,0.0,0.0,0.0,0.8,0.0,naics,1691,10,1,1,1
0,0.0,0.0,0.0,0.9,0.0,naics,1692,1,0,0,1
0,0.0,0.0,0.0,0.9,0.0,naics,1693,1,0,0,1
1,0.0,0.0,0.0,0.7,0.075,naics,1694,6,1,0,0
1,0.0,0.0,0.0,0.6,0.10500000000000001,naics,1695,9,1,0,0
0,0.0,0.0,0.0,0.6,0.0,naics,1696,5,0,1,0
1,0.0,0.0,0.0,0.7,0.0,naics,1697,9,1,1,1
1,0.0,0.0,0.0,0.6,0.015,naics,1698,7,1,0,0
0,0.0,0.0,0.0,0.4,0.075,naics,1699,2,0,0,1
1,0.0,0.0,0.0,0.5,0.0,naics,1700,9,1,0,0
0,0.0,0.0,0.0,0.5,0.0,naics,1701,9,0,0,1
1,0.0,0.0,0.0,0.5,0.0,naics,1702,6,1,0,0
0,0.0,0.0,0.0,0.6,0.075,naics,1703,7,0,0,1
1,0.0,0.0,0.0,0.2,0.0,naics,1704,10,1,1,1
1,0.0,0.0,0.0,0.6,0.0,naics,1705,6,1,1,1
1,0.0,0.0,0.0,0.7,0.0,naics,1706,8,1,1,1
1,0.0,0.0,0.0,0.6,0.0,naics,1707,1,1,0,0
0,0.0,0.0,0.0,0.2,0.0,naics,1708,1,0,0,1
1,0.0,0.0,0.0,0.9,0.0,naics,1709,3,1,1,1
0,0.0,0.0,0.0,0.3,0.0,naics,1710,3,0,1,0
1,0.0,0.0,0.0,0.3,0.0,naics,1711,7,1,0,0
1,0.0,0.0,0.0,1.0,0.0,naics,1712,9,1,1,1
1,0.0,0.0,0.0,0.5,0.0,naics,1713,2,1,0,0
1,0.0,0.0,0.0,0.4,0.0,naics,1714,6,1,0,0
1,0.0,0.0,0.0,0.6,0.0,naics,1715,1,1,1,1
0,0.0,0.0,0.0,0.9,0.03,naics,1717,2,0,0,1
1,0.0,0.0,0.0,0.5,0.0,naics,1718,6,1,0,0
0,0.0,0.0,0.0,0.6,0.0,naics,1719,2,0,1,0
0,0.0,0.0,0.0,0.1,0.0,naics,1720,6,0,1,0
0,0.0,0.0,0.0,0.7,0.045,naics,1721,8,0,0,1
0,0.0,0.0,0.0,0.4,0.0,naics,1722,2,0,0,1
1,0.0,0.0,0.0,0.9,0.0,naics,1723,2,1,0,0
0,0.0,0.0,0.0,0.8,0.03,naics,1724,1,0,0,1
0,0.0,0.0,0.0,0.3,0.03,naics,1725,7,0,1,0
1,0.0,0.0,0.0,0.6,0.24500000000000002,naics,1726,7,1,0,0
1,0.0,0.0,0.0,0.7,0.0,naics,1727,10,1,1,1
1,0.0,0.0,0.0,0.8,0.0,naics,1728,9,1,0,0
0,0.0,0.0,0.0,0.3,0.0,naics,1729,9,0,1,0
1,0.0,0.0,0.0,0.9,0.0,naics,1730,10,1,0,0
0,0.0,0.0,0.0,0.3,0.0,naics,1731,10,0,1,0
0,0.0,0.0,0.0,0.5,0.0,naics,1732,8,0,0,1
0,0.0,0.0,0.0,0.5,0.0,naics,1733,7,0,0,1
1,0.0,0.0,0.0,0.7,0.0,naics,1734,10,1,1,1
1,0.0,0.0,0.0,0.6,0.0,naics,1735,8,1,1,1
1,0.0,0.0,0.0,0.6,0.0,naics,1736,1,1,1,1
1,0.0,0.0,0.0,0.6,0.0,naics,1737,6,1,0,0
0,0.0,0.0,0.0,0.4,0.06,naics,1738,6,0,0,1
0,0.0,0.0,0.0,0.6,0.03,naics,1739,4,0,0,1
0,0.0,0.0,0.0,0.7,0.0,naics,1740,5,0,0,1
1,0.0,0.0,0.0,0.6,0.0,naics,1741,3,1,0,0
0,0.0,0.0,0.0,0.7,0.0,naics,1742,5,0,1,0
1,0.0,0.0,0.0,0.8,0.0,naics,1743,8,1,1,1
0,0.0,0.0,0.0,0.5,0.0,naics,1744,10,0,0,1
1,0.0,0.0,0.0,0.3,0.0,naics,1745,9,1,0,0
1,0.0,0.0,0.0,0.6,0.0,naics,1746,6,1,1,1
1,0.0,0.0,0.0,0.8,0.0,naics,1748,7,1,1,1
0,0.0,0.0,0.0,0.4,0.0,naics,1749,4,0,1,0
1,0.0,0.0,0.0,0.6,0.0,naics,1750,5,1,1,1
0,0.0,0.0,0.0,0.5,0.0,naics,1751,10,0,0,1
0,0.0,0.0,0.0,0.4,0.0,naics,1753,1,0,1,0
0,0.0,0.0,0.0,0.7,0.0,naics,1754,7,0,0,1
1,0.9999999999975001,0.4,0.0,0.2,0.14500000000000002,naics,1755,6,1,1,1
0,0.0,0.0,0.0,0.7,0.0,naics,1756,6,0,0,1
0,0.0,0.0,0.0,0.8,0.0,naics,1757,3,0,0,1
0,0.0,0.0,0.0,0.6,0.0,naics,1758,10,0,0,1
1,0.0,0.0,0.0,0.2,0.0,naics,1759,9,1,0,0
0,0.0,0.0,0.0,0.5,0.18,naics,1760,9,0,0,1
0,-0.9999999999933333,0.0,0.15,0.6,0.32999999999999996,naics,1761,7,0,0,1
1,0.0,0.0,0.0,0.5,0.0,naics,1762,9,1,1,1
0,0.0,0.0,0.0,0.6,0.06,naics,1763,2,0,1,0
1,0.0,0.0,0.0,0.5,0.0,naics,1764,2,1,0,0
0,0.0,0.0,0.0,0.6,0.0,naics,1765,4,0,0,1
0,-0.53846153846071,0.15,0.5,0.8,0.39499999999999996,naics,1766,5,0,0,1
0,0.0,0.0,0.0,0.6,0.0,naics,1767,3,0,1,0
1,-0.9999999999966668,0.0,0.3,0.8,0.225,naics,1768,4,1,1,1
1,0.0,0.0,0.0,0.7,0.045,naics,1769,8,1,0,0
1,0.0,0.0,0.0,0.4,0.19,naics,1771,9,1,1,1
1,0.0,0.0,0.0,0.7,0.03,naics,1772,4,1,1,1
0,0.0,0.0,0.0,0.8,0.0,naics,1773,2,0,0,1
0,0.0,0.0,0.0,0.7,0.0,naics,1774,4,0,0,1
1,0.9999999999975001,0.4,0.0,0.8,0.31999999999999995,naics,1775,8,1,0,0
1,0.0,0.0,0.0,0.5,0.3550000000000001,naics,1776,9,1,0,0
0,0.0,0.0,0.0,0.5,0.18166666666666667,naics,1777,5,0,0,1
0,0.0,0.0,0.0,0.8,0.0,naics,1778,7,0,1,0
1,0.0,0.0,0.0,0.9,0.0,naics,1779,3,1,1,1
1,0.0,0.0,0.0,0.6,0.0,naics,1780,1,1,0,0
0,0.0,0.0,0.0,0.7,0.0,naics,1781,4,0,1,0
0,0.0,0.0,0.0,0.6,0.0,naics,1782,6,0,0,1
1,0.0,0.0,0.0,0.4,0.0,naics,1783,8,1,0,0
1,0.0,0.0,0.0,0.5,0.0,naics,1784,7,1,1,1
0,0.0,0.0,0.0,0.7,0.045,naics,1785,9,0,0,1
1,0.0,0.0,0.0,0.6,0.0,naics,1786,10,1,0,0
1,0.0,0.0,0.0,0.5,0.16499999999999998,naics,1787,6,1,1,1
1,0.0,0.0,0.0,0.7,0.0,naics,1788,8,1,1,1
0,0.0,0.0,0.0,0.6,0.0,naics,1789,1,0,1,0
1,0.0,0.0,0.0,0.6,0.0,naics,1790,6,1,1,1
1,0.9999999999933333,0.15,0.0,0.1,0.03,naics,1792,7,1,0,0
1,0.0,0.0,0.0,0.4,0.0,naics,1793,10,1,0,0
1,0.0,0.0,0.0,0.2,0.0,naics,1794,7,1,0,0
1,0.0,0.0,0.0,0.3,0.0,naics,1795,1,1,1,1
1,0.0,0.0,0.0,0.4,0.09,naics,1796,8,1,0,0
0,0.0,0.0,0.0,0.8,0.015,naics,1797,9,0,0,1
0,0.0,0.0,0.0,0.7,0.0,naics,1798,2,0,0,1
0,0.0,0.0,0.0,0.7,0.03,naics,1799,10,0,0,1
0,0.0,0.0,0.0,0.4,0.0,naics,1800,7,0,1,0
0,0.0,0.0,0.0,0.4,0.0,naics,1801,9,0,1,0
1,0.0,0.0,0.0,0.9,0.0,naics,1802,7,1,1,1
0,0.0,0.0,0.0,0.6,0.0,naics,1803,5,0,1,0
0,0.0,0.0,0.0,0.6,0.0,naics,1804,7,0,0,1
1,0.0,0.0,0.0,0.6,0.0,naics,1805,6,1,1,1
0,0.0,0.0,0.0,0.6,0.075,naics,1806,9,0,0,1
0,0.0,0.0,0.0,0.7,0.0,naics,1807,8,0,0,1
0,0.0,0.0,0.0,0.7,0.0,naics,1808,5,0,0,1
0,0.9999999999933333,0.15,0.0,0.4,0.12,naics,1809,8,0,0,1
1,0.0,0.0,0.0,0.5,0.0,naics,1810,4,1,1,1
1,0.0,0.0,0.0,0.4,0.075,naics,1811,5,1,1,1
1,0.0,0.0,0.0,0.9,0.0,naics,1812,1,1,1,1
1,0.0,0.0,0.0,0.6,0.0,naics,1813,1,1,0,0
0,0.0,0.0,0.0,0.5,0.0,naics,1814,8,0,1,0
0,0.0,0.0,0.0,0.6,0.0,naics,1815,3,0,1,0
0,0.0,0.0,0.0,0.7,0.09,naics,1816,10,0,0,1
1,0.0,0.0,0.0,0.5,0.0,naics,1817,8,1,1,1
0,0.0,0.0,0.0,0.2,0.0,naics,1818,5,0,0,1
1,0.0,0.0,0.0,0.6,0.135,naics,1819,9,1,1,1
0,0.0,0.0,0.0,0.7,0.0,naics,1820,1,0,0,1
0,-0.9999999999933333,0.0,0.15,0.6,0.18,naics,1821,1,0,1,0
0,-0.9999999999933333,0.0,0.15,1.0,0.045,naics,1822,4,0,0,1
0,0.0,0.0,0.0,0.4,0.15,naics,1823,9,0,1,0
1,0.0,0.0,0.0,0.7,0.0,naics,1824,2,1,0,0
0,0.9999999999933333,0.15,0.0,0.5,0.15,naics,1825,7,0,0,1
1,0.0,0.0,0.0,0.6,0.0,naics,1826,2,1,1,1
1,0.0,0.0,0.0,0.6,0.0,naics,1828,1,1,0,0
0,0.0,0.0,0.0,0.7,0.03,naics,1829,2,0,0,1
1,0.0,0.0,0.0,0.5,0.0,naics,1830,9,1,1,1
0,0.0,0.0,0.0,0.6,0.075,naics,1831,2,0,1,0
0,0.0,0.0,0.0,0.7,0.0,naics,1832,10,0,0,1
0,0.0,0.0,0.0,0.6,0.06,naics,1833,9,0,0,1
1,0.0,0.0,0.0,0.4,0.0,naics,1834,3,1,1,1
1,0.0,0.0,0.0,0.6,0.0,naics,1835,5,1,0,0
1,0.0,0.0,0.0,0.4,0.0,naics,1836,8,1,1,1
0,0.0,0.0,0.0,0.6,0.0,naics,1837,2,0,1,0
1,0.0,0.0,0.0,0.9,0.015,naics,1838,4,1,1,1
0,0.0,0.0,0.0,0.5,0.0,naics,1839,10,0,1,0
1,0.0,0.0,0.0,0.5,0.0,naics,1840,3,1,0,0
0,0.0,0.0,0.0,0.4,0.0,naics,1841,4,0,0,1
0,0.0,0.0,0.0,0.5,0.03,naics,1842,5,0,1,0
1,0.0,0.0,0.0,0.7,0.0,naics,1843,5,1,1,1
0,0.0,0.0,0.0,0.4,0.18,naics,1844,7,0,0,1
1,0.0,0.0,0.0,0.6,0.0,naics,1846,7,1,1,1
1,0.0,0.0,0.0,0.4,0.0,naics,1847,4,1,0,0
1,0.0,0.0,0.0,0.6,0.03,naics,1848,6,1,1,1
0,0.0,0.0,0.0,0.7,0.0,naics,1849,9,0,0,1
1,-0.9999999999933333,0.0,0.15,0.8,0.075,naics,1850,5,1,0,0
1,0.0,0.0,0.0,0.6,0.12,naics,1851,2,1,0,0
0,0.0,0.0,0.0,0.1,0.0,naics,1852,9,0,0,1
1,0.0,0.0,0.0,0.4,0.0,naics,1853,1,1,1,1
0,-0.9999999999966668,0.0,0.3,0.6,0.26999999999999996,naics,1854,10,0,1,0
1,0.0,0.0,0.0,0.6,0.0,naics,1855,5,1,1,1
1,0.0,0.0,0.0,0.6,0.03,naics,1856,7,1,1,1
0,0.0,0.0,0.0,0.5,0.0,naics,1857,3,0,1,0
1,0.0,0.0,0.0,0.6,0.0,naics,1858,2,1,0,0
0,-0.9999999999966668,0.0,0.3,0.5,0.43666666666666665,naics,1859,10,0,0,1
1,0.0,0.0,0.0,0.5,0.19,naics,1860,10,1,0,0
1,0.0,0.3,0.3,0.6,0.35,naics,1861,6,1,0,0
0,0.0,0.0,0.0,0.6,0.0,naics,1862,2,0,1,0
0,0.0,0.0,0.0,0.2,0.0,naics,1863,3,0,1,0
0,-0.9999999999933333,0.0,0.15,0.4,0.225,naics,1864,4,0,0,1
0,0.0,0.0,0.0,0.9,0.03,naics,1865,4,0,0,1
1,0.0,0.0,0.0,0.7,0.0,naics,1866,9,1,1,1
1,0.0,0.0,0.0,0.9,0.0,naics,1867,10,1,1,1
0,0.0,0.0,0.0,0.7,0.03,naics,1868,4,0,0,1
0,0.0,0.0,0.0,0.9,0.0,naics,1869,4,0,0,1
1,0.0,0.0,0.0,0.7,0.0,naics,1870,1,1,0,0
0,0.0,0.0,0.0,0.5,0.0,naics,1871,10,0,0,1
1,0.33333333333259263,0.3,0.15,0.4,0.22000000000000003,naics,1872,8,1,1,1
0,0.0,0.3,0.3,0.4,0.31999999999999995,naics,1873,10,0,1,0
1,0.0,0.0,0.0,0.6,0.0,naics,1874,1,1,1,1
1,0.0,0.0,0.0,0.4,0.0,naics,1875,2,1,1,1
1,0.0,0.0,0.0,0.1,0.0,naics,1876,1,1,0,0
0,0.0,0.0,0.0,0.4,0.0,naics,1877,8,0,1,0
0,0.0,0.0,0.0,0.6,0.0,naics,1878,2,0,1,0
0,0.0,0.0,0.0,0.6,0.0,naics,1879,10,0,0,1
1,0.0,0.0,0.0,0.5,0.0,naics,1880,5,1,0,0
1,0.0,0.0,0.0,1.0,0.015,naics,1881,4,1,1,1
1,0.0,0.0,0.0,0.5,0.0,naics,1882,2,1,0,0
0,-0.04347826086952735,0.55,0.6,0.7,0.5650000000000001,naics,1883,9,0,0,1
1,0.0,0.0,0.0,0.6,0.0,naics,1884,8,1,1,1
0,0.0,0.0,0.0,0.7,0.045,naics,1885,10,0,0,1
0,0.0,0.0,0.0,0.5,0.045,naics,1886,10,0,0,1
1,0.6249999999992187,0.65,0.15,0.3,0.5883333333333333,naics,1887,3,1,0,0
0,0.0,0.0,0.0,0.2,0.0,naics,1888,1,0,0,1
1,0.0,0.0,0.0,0.3,0.0,naics,1889,9,1,0,0
1,0.0,0.0,0.0,0.6,0.0,naics,1890,8,1,0,0
1,0.0,0.0,0.0,0.5,0.0,naics,1891,1,1,1,1
0,0.0,0.0,0.0,0.5,0.0,naics,1892,7,0,0,1
1,0.0,0.0,0.0,0.5,0.0,naics,1893,9,1,0,0
1,0.0,0.0,0.0,0.5,0.045,naics,1894,4,1,0,0
0,0.0,0.0,0.0,0.6,0.0,naics,1895,1,0,0,1
1,0.0,0.0,0.0,0.4,0.0,naics,1896,8,1,1,1
0,0.0,0.0,0.0,0.7,0.0,naics,1897,3,0,0,1
1,0.0,0.0,0.0,0.5,0.0,naics,1898,7,1,1,1
0,0.0,0.0,0.0,0.4,0.0,naics,1899,9,0,1,0
1,0.0,0.0,0.0,0.5,0.0,naics,1900,7,1,1,1
1,0.0,0.0,0.0,0.8,0.0,naics,1901,3,1,1,1
0,0.0,0.0,0.0,0.9,0.0,naics,1902,9,0,0,1
0,0.0,0.0,0.0,0.3,0.0,naics,1903,3,0,1,0
1,0.0,0.0,0.0,0.7,0.03,naics,1904,7,1,1,1
1,0.0,0.0,0.0,0.9,0.0,naics,1905,3,1,1,1
0,0.0,0.0,0.0,0.4,0.0,naics,1906,8,0,1,0
0,0.9999999999933333,0.15,0.0,0.8,0.10500000000000001,naics,1907,7,0,0,1
0,0.0,0.0,0.0,0.6,0.0,naics,1908,1,0,1,0
0,0.0,0.0,0.0,0.7,0.0,naics,1909,10,0,0,1
0,0.0,0.0,0.0,0.7,0.0,naics,1910,2,0,0,1
1,0.0,0.0,0.0,0.5,0.0,naics,1911,7,1,0,0
1,0.0,0.0,0.0,0.5,0.0,naics,1912,5,1,0,0
1,0.0,0.0,0.0,0.6,0.0,naics,1913,5,1,1,1
1,0.0,0.0,0.0,0.7,0.015,naics,1914,3,1,0,0
1,0.0,0.0,0.0,0.7,0.0,naics,1915,8,1,1,1
1,0.0,0.0,0.0,0.3,0.0,naics,1916,9,1,1,1
1,0.0,0.0,0.0,0.5,0.0,naics,1917,3,1,1,1
1,0.0,0.0,0.0,0.9,0.0,naics,1918,2,1,1,1
0,0.0,0.0,0.0,0.9,0.03,naics,1919,7,0,0,1
0,0.0,0.0,0.0,0.6,0.045,naics,1920,9,0,0,1
0,0.0,0.0,0.0,0.9,0.0,naics,1921,4,0,0,1
1,0.0,0.0,0.0,0.5,0.0,naics,1922,2,1,1,1
1,0.0,0.0,0.0,0.7,0.0,naics,1923,6,1,1,1
1,0.0,0.0,0.0,0.2,0.0,naics,1924,8,1,0,0
1,-0.9999999999933333,0.0,0.15,0.7,0.075,naics,1925,4,1,0,0
0,0.0,0.0,0.0,0.7,0.0,naics,1926,1,0,0,1
1,0.0,0.0,0.0,0.3,0.0,naics,1927,7,1,1,1
1,0.0,0.0,0.0,0.8,0.0,naics,1928,5,1,0,0
1,0.0,0.0,0.0,0.7,0.0,naics,1929,8,1,1,1
0,0.0,0.0,0.0,0.6,0.0,naics,1930,10,0,0,1
0,0.0,0.0,0.0,0.5,0.0,naics,1931,3,0,0,1
0,0.0,0.0,0.0,0.8,0.0,naics,1932,7,0,0,1
0,0.0,0.0,0.0,0.8,0.0,naics,1933,10,0,0,1
1,0.0,0.0,0.0,0.5,0.0,naics,1934,8,1,1,1
1,-0.9999999999933333,0.0,0.15,0.8,0.075,naics,1935,2,1,0,0
0,0.0,0.0,0.0,0.5,0.0,naics,1936,10,0,0,1
0,0.0,0.0,0.0,0.5,0.0,naics,1938,8,0,0,1
1,0.0,0.0,0.0,0.7,0.0,naics,1939,6,1,1,1
1,0.0,0.0,0.0,0.6,0.0,naics,1940,4,1,1,1
1,0.0,0.0,0.0,0.6,0.0,naics,1941,1,1,0,0
0,0.0,0.0,0.0,0.4,0.0,naics,1942,3,0,0,1
0,0.0,0.0,0.0,0.6,0.18,naics,1943,9,0,0,1
0,0.0,0.0,0.0,0.1,0.0,naics,1944,3,0,1,0
0,0.0,0.0,0.0,0.7,0.18,naics,1945,9,0,0,1
1,0.0,0.0,0.0,0.3,0.0,naics,1946,10,1,0,0
1,-0.33333333333259263,0.15,0.3,0.7,0.24,naics,1947,10,1,0,0
1,0.0,0.0,0.0,0.5,0.0,naics,1948,6,1,1,1
0,0.0,0.0,0.0,0.4,0.0,naics,1949,2,0,1,0
0,-0.9999999999933333,0.0,0.15,0.9,0.09,naics,1950,10,0,0,1
0,0.0,0.0,0.0,0.5,0.0,naics,1951,9,0,1,0
0,0.0,0.0,0.0,0.5,0.0,naics,1952,2,0,0,1
1,0.0,0.0,0.0,0.4,0.0,naics,1954,9,1,1,1
0,-0.9999999999933333,0.0,0.15,1.0,0.045,naics,1955,10,0,0,1
1,0.0,0.0,0.0,0.5,0.0,naics,1956,1,1,1,1
1,0.0,0.0,0.0,0.4,0.0,naics,1957,2,1,0,0
1,0.0,0.0,0.0,0.1,0.0,naics,1958,1,1,0,0
0,0.0,0.0,0.0,0.2,0.03,naics,1959,9,0,0,1
0,0.0,0.0,0.0,0.6,0.03,naics,1960,7,0,0,1
0,0.0,0.15,0.15,0.6,0.13499999999999998,naics,1961,6,0,0,1
1,-0.9999999999933333,0.0,0.15,0.5,0.12,naics,1962,10,1,0,0
0,0.0,0.0,0.0,0.6,0.0,naics,1963,6,0,1,0
1,0.0,0.0,0.0,0.4,0.06,naics,1964,8,1,0,0
0,0.0,0.0,0.0,0.5,0.10500000000000001,naics,1965,9,0,0,1
0,0.0,0.0,0.0,0.1,0.0,naics,1966,7,0,1,0
1,0.0,0.0,0.0,0.4,0.0,naics,1967,5,1,1,1
0,0.0,0.0,0.0,0.6,0.0,naics,1968,2,0,1,0
0,0.0,0.0,0.0,0.9,0.0,naics,1969,3,0,0,1
0,0.0,0.0,0.0,0.6,0.03,naics,1970,10,0,0,1
0,-0.9999999999933333,0.0,0.15,0.7,0.09,naics,1971,5,0,1,0
0,0.0,0.0,0.0,0.7,0.0,naics,1972,1,0,0,1
1,0.0,0.0,0.0,0.6,0.0,naics,1973,5,1,1,1
0,0.0,0.0,0.0,0.6,0.03,naics,1974,5,0,0,1
0,0.0,0.0,0.0,0.5,0.15,naics,1975,6,0,0,1
1,0.0,0.0,0.0,0.7,0.0,naics,1976,5,1,0,0
1,0.0,0.0,0.0,0.5,0.0,naics,1977,10,1,1,1
0,0.0,0.0,0.0,0.7,0.015,naics,1978,2,0,0,1
1,-0.9999999999975001,0.0,0.4,1.0,0.15,naics,1979,4,1,0,0
0,0.0,0.0,0.0,0.4,0.0,naics,1980,5,0,0,1
1,0.0,0.0,0.0,0.7,0.0,naics,1981,1,1,0,0
1,0.0,0.0,0.0,0.5,0.0,naics,1982,4,1,0,0
1,-0.9999999999933333,0.0,0.15,0.4,0.13499999999999998,naics,1983,9,1,0,0
0,0.0,0.0,0.0,0.8,0.0,naics,1984,10,0,0,1
1,0.0,0.0,0.0,0.5,0.045,naics,1985,6,1,1,1
0,0.0,0.0,0.0,0.7,0.0,naics,1986,3,0,0,1
0,0.0,0.0,0.0,0.7,0.0,naics,1987,5,0,0,1
0,0.0,0.0,0.0,0.3,0.0,naics,1988,3,0,1,0
1,0.0,0.0,0.0,0.7,0.0,naics,1989,4,1,0,0
0,-0.33333333333259263,0.15,0.3,0.9,0.22499999999999995,naics,1990,7,0,1,0
0,0.0,0.0,0.0,0.4,0.0,naics,1991,7,0,1,0
1,0.0,0.0,0.0,0.3,0.12,naics,1992,8,1,0,0
0,0.0,0.0,0.0,0.7,0.015,naics,1993,1,0,0,1
1,-0.9999999999975001,0.0,0.4,0.6,0.215,naics,1994,3,1,0,0
1,0.0,0.0,0.0,0.6,0.0,naics,1995,1,1,0,0
0,0.0,0.0,0.0,0.5,0.0,naics,1996,6,0,1,0
1,0.0,0.0,0.0,0.3,0.0,naics,1997,4,1,0,0
0,0.0,0.0,0.0,0.6,0.0,naics,1998,5,0,1,0
1,0.0,0.0,0.0,0.2,0.045,naics,1999,6,1,0,0
0,0.0,0.15,0.15,0.4,0.13499999999999998,naics,2000,6,0,0,1
1,0.0,0.0,0.0,0.6,0.0,naics,2001,4,1,1,1
0,0.9999999999966668,0.3,0.0,0.5,0.24,naics,2002,2,0,0,1
0,0.0,0.0,0.0,0.6,0.0,naics,2003,4,0,0,1
1,0.0,0.0,0.0,0.6,0.0,naics,2004,3,1,1,1
1,0.0,0.0,0.0,0.5,0.045,naics,2005,2,1,1,1
1,0.0,0.0,0.0,0.8,0.0,naics,2006,9,1,0,0
0,0.0,0.0,0.0,0.5,0.015,naics,2007,6,0,1,0
1,0.0,0.0,0.0,0.1,0.0,naics,2008,1,1,1,1
0,0.0,0.0,0.0,0.5,0.0,naics,2009,7,0,1,0
1,-0.9999999999933333,0.0,0.15,0.6,0.12,naics,2010,7,1,1,1
1,0.0,0.0,0.0,0.4,0.0,naics,2012,8,1,1,1
1,0.0,0.0,0.0,0.6,0.03,naics,2013,5,1,1,1
1,0.0,0.0,0.0,1.0,0.0,naics,2014,10,1,1,1
1,0.0,0.0,0.0,0.4,0.0,naics,2015,5,1,1,1
1,0.0,0.0,0.0,0.2,0.0,naics,2016,8,1,0,0
1,0.0,0.0,0.0,0.3,0.0,naics,2017,3,1,1,1
1,0.0,0.0,0.0,0.3,0.03,naics,2018,6,1,1,1
1,0.0,0.0,0.0,0.9,0.0,naics,2019,9,1,1,1
1,0.0,0.0,0.0,0.5,0.0,naics,2020,6,1,1,1
0,0.0,0.0,0.0,0.8,0.0,naics,2021,2,0,0,1
0,0.0,0.0,0.0,0.5,0.0,naics,2022,10,0,0,1
1,0.0,0.0,0.0,0.5,0.0,naics,2023,10,1,0,0
0,0.0,0.0,0.0,0.4,0.0,naics,2024,1,0,0,1
0,0.0,0.0,0.0,0.7,0.0,naics,2025,10,0,1,0
1,0.0,0.0,0.0,0.5,0.0,naics,2026,7,1,0,0
0,-0.9999999999933333,0.0,0.15,0.7,0.25999999999999995,naics,2027,2,0,0,1
1,0.0,0.0,0.0,0.3,0.045,naics,2028,10,1,0,0
0,0.0,0.0,0.0,0.7,0.0,naics,2029,10,0,0,1
1,0.0,0.0,0.0,0.4,0.0,naics,2030,2,1,1,1
0,0.0,0.0,0.0,0.3,0.0,naics,2031,9,0,0,1
1,0.0,0.0,0.0,0.5,0.0,naics,2032,8,1,0,0
1,0.0,0.0,0.0,0.3,0.03,naics,2033,10,1,0,0
0,0.0,0.0,0.0,0.6,0.0,naics,2034,6,0,0,1
1,0.0,0.0,0.0,0.6,0.015,naics,2035,7,1,0,0
0,0.0,0.0,0.0,0.5,0.075,naics,2036,3,0,0,1
0,0.0,0.0,0.0,0.6,0.0,naics,2037,2,0,0,1
0,0.0,0.0,0.0,0.6,0.0,naics,2038,7,0,1,0
0,-0.9999999999933333,0.0,0.15,0.9,0.045,naics,2039,2,0,0,1
0,0.0,0.0,0.0,0.5,0.24,naics,2040,6,0,1,0
0,0.0,0.0,0.0,0.7,0.0,naics,2041,1,0,0,1
1,0.0,0.0,0.0,0.9,0.0,naics,2042,5,1,1,1
0,0.0,0.0,0.0,0.2,0.09,naics,2043,9,0,1,0
0,0.0,0.0,0.0,0.9,0.0,naics,2044,5,0,0,1
0,0.0,0.0,0.0,0.3,0.0,naics,2045,7,0,0,1
0,0.0,0.0,0.0,0.8,0.0,naics,2046,7,0,0,1
0,0.0,0.0,0.0,0.9,0.0,naics,2047,9,0,0,1
0,0.0,0.0,0.0,0.7,0.06999999999999999,naics,2048,6,0,0,1
1,0.0,0.0,0.0,0.6,0.0,naics,2049,7,1,1,1
0,0.0,0.0,0.0,0.7,0.0,naics,2050,7,0,0,1
0,0.0,0.0,0.0,0.4,0.0,naics,2051,3,0,1,0
1,0.0,0.0,0.0,0.4,0.06,naics,2052,5,1,1,1
1,0.0,0.0,0.0,0.6,0.0,naics,2053,1,1,1,1
0,0.0,0.0,0.0,0.6,0.0,naics,2054,9,0,1,0
1,0.0,0.0,0.0,0.4,0.0,naics,2057,5,1,1,1
1,0.0,0.0,0.0,0.8,0.0,naics,2058,6,1,1,1
1,0.0,0.0,0.0,0.3,0.03,naics,2059,9,1,0,0
1,0.0,0.0,0.0,0.4,0.0,naics,2060,8,1,1,1
0,0.0,0.0,0.0,0.9,0.0,naics,2061,3,0,0,1
0,0.0,0.0,0.0,0.7,0.06,naics,2062,5,0,1,0
0,0.0,0.0,0.0,0.3,0.0,naics,2063,1,0,0,1
0,0.0,0.0,0.0,0.6,0.075,naics,2064,1,0,0,1
1,0.0,0.0,0.0,0.8,0.0,naics,2065,3,1,0,0
1,0.0,0.0,0.0,0.5,0.29,naics,2066,1,1,0,0
1,0.0,0.0,0.0,0.5,0.0,naics,2067,4,1,0,0
0,0.0,0.0,0.0,0.5,0.0,naics,2068,8,0,0,1
0,0.0,0.0,0.0,0.4,0.045,naics,2069,7,0,0,1
0,0.0,0.0,0.0,0.6,0.06,naics,2070,2,0,0,1
1,0.0,0.0,0.0,0.4,0.045,naics,2071,5,1,0,0
1,0.0,0.0,0.0,0.6,0.0,naics,2072,3,1,1,1
0,0.0,0.0,0.0,0.7,0.03,naics,2073,6,0,0,1
0,0.0,0.0,0.0,0.4,0.015,naics,2074,5,0,1,0
1,0.0,0.0,0.0,0.5,0.0,naics,2075,10,1,1,1
1,0.0,0.0,0.0,0.6,0.045,naics,2076,4,1,0,0
0,0.0,0.0,0.0,0.6,0.0,naics,2077,1,0,1,0
1,0.0,0.0,0.0,0.6,0.21000000000000002,naics,2078,8,1,1,1
1,0.0,0.0,0.0,0.9,0.0,naics,2079,4,1,1,1
1,0.0,0.0,0.0,0.8,0.0,naics,2080,8,1,1,1
1,0.0,0.0,0.0,1.0,0.0,naics,2081,2,1,1,1
1,0.0,0.0,0.0,0.5,0.0,naics,2082,9,1,1,1
1,0.0,0.0,0.0,0.6,0.0,naics,2084,1,1,1,1
0,0.0,0.0,0.0,0.9,0.0,naics,2085,4,0,0,1
0,0.0,0.0,0.0,0.4,0.0,naics,2086,9,0,1,0
1,0.0,0.0,0.0,0.4,0.0,naics,2087,4,1,1,1
1,0.0,0.0,0.0,0.7,0.0,naics,2088,5,1,1,1
1,0.0,0.0,0.0,0.7,0.0,naics,2089,2,1,1,1
1,0.0,0.0,0.0,0.9,0.0,naics,2090,9,1,1,1
